date,retail_and_recreation_percent_change_from_baseline,grocery_and_pharmacy_percent_change_from_baseline,parks_percent_change_from_baseline,transit_stations_percent_change_from_baseline,workplaces_percent_change_from_baseline,residential_percent_change_from_baseline,walking,transit,driving,stay at home,>50 gatherings,>500 gatherings,public schools,restaurant dine-in,entertainment/gym,federal guideline,foreign travel ban,cases,deaths,PopulationEstimate65+2017,CensusPopulation2010,#EligibleforMedicare2018,"MedicareEnrollment,AgedTot2017",#FTEHospitalTotal2017,"TotalM.D.'s,TotNon-FedandFed2017",PopMale<52010,PopFmle<52010,PopMale5-92010,PopFmle5-92010,PopMale10-142010,PopFmle10-142010,PopMale15-192010,PopFmle15-192010,PopMale20-242010,PopFmle20-242010,PopMale25-292010,PopFmle25-292010,PopMale30-342010,PopFmle30-342010,PopMale35-442010,PopFmle35-442010,PopMale45-542010,PopFmle45-542010,PopMale55-592010,PopFmle55-592010,PopMale60-642010,PopFmle60-642010,PopMale65-742010,PopFmle65-742010,PopMale75-842010,PopFmle75-842010,PopMale>842010,PopFmle>842010,forMask,notForMask
1/13/20,0,0,0,0,0,0,0,0,0,1,1,1,1,1,1,1,1,0,0,0.163183835,1,0.19279561,0.153377973,0.022448122,0.004927469,0.030492099,0.029153681,0.030671838,0.029393642,0.031955813,0.030560939,0.036099924,0.034406362,0.036742608,0.036068187,0.035101632,0.036121907,0.032498487,0.033512106,0.0659047,0.068784291,0.072107268,0.076446548,0.030542052,0.033313944,0.025820847,0.029203118,0.031523779,0.038689599,0.018115396,0.026598322,0.006327864,0.013843048,0.53,0.47
1/14/20,0,0,0,0,0,0,0.050909091,-0.003636364,0.025976155,1,1,1,1,1,1,1,1,0,0,0.163183835,1,0.19279561,0.153377973,0.022448122,0.004927469,0.030492099,0.029153681,0.030671838,0.029393642,0.031955813,0.030560939,0.036099924,0.034406362,0.036742608,0.036068187,0.035101632,0.036121907,0.032498487,0.033512106,0.0659047,0.068784291,0.072107268,0.076446548,0.030542052,0.033313944,0.025820847,0.029203118,0.031523779,0.038689599,0.018115396,0.026598322,0.006327864,0.013843048,0.53,0.47
1/15/20,0,0,0,0,0,0,0.049090909,-0.012727273,0.0395231,1,1,1,1,1,1,1,1,0,0,0.163183835,1,0.19279561,0.153377973,0.022448122,0.004927469,0.030492099,0.029153681,0.030671838,0.029393642,0.031955813,0.030560939,0.036099924,0.034406362,0.036742608,0.036068187,0.035101632,0.036121907,0.032498487,0.033512106,0.0659047,0.068784291,0.072107268,0.076446548,0.030542052,0.033313944,0.025820847,0.029203118,0.031523779,0.038689599,0.018115396,0.026598322,0.006327864,0.013843048,0.53,0.47
1/16/20,0,0,0,0,0,0,-0.010909091,-0.034545455,0.036646796,1,1,1,1,1,1,1,1,0,0,0.163183835,1,0.19279561,0.153377973,0.022448122,0.004927469,0.030492099,0.029153681,0.030671838,0.029393642,0.031955813,0.030560939,0.036099924,0.034406362,0.036742608,0.036068187,0.035101632,0.036121907,0.032498487,0.033512106,0.0659047,0.068784291,0.072107268,0.076446548,0.030542052,0.033313944,0.025820847,0.029203118,0.031523779,0.038689599,0.018115396,0.026598322,0.006327864,0.013843048,0.53,0.47
1/17/20,0,0,0,0,0,0,0.221818182,0.02,0.227496274,1,1,1,1,1,1,1,1,0,0,0.163183835,1,0.19279561,0.153377973,0.022448122,0.004927469,0.030492099,0.029153681,0.030671838,0.029393642,0.031955813,0.030560939,0.036099924,0.034406362,0.036742608,0.036068187,0.035101632,0.036121907,0.032498487,0.033512106,0.0659047,0.068784291,0.072107268,0.076446548,0.030542052,0.033313944,0.025820847,0.029203118,0.031523779,0.038689599,0.018115396,0.026598322,0.006327864,0.013843048,0.53,0.47
1/18/20,0,0,0,0,0,0,0.092727273,-0.101818182,-0.037988077,1,1,1,1,1,1,1,1,0,0,0.163183835,1,0.19279561,0.153377973,0.022448122,0.004927469,0.030492099,0.029153681,0.030671838,0.029393642,0.031955813,0.030560939,0.036099924,0.034406362,0.036742608,0.036068187,0.035101632,0.036121907,0.032498487,0.033512106,0.0659047,0.068784291,0.072107268,0.076446548,0.030542052,0.033313944,0.025820847,0.029203118,0.031523779,0.038689599,0.018115396,0.026598322,0.006327864,0.013843048,0.53,0.47
1/19/20,0,0,0,0,0,0,-0.138181818,-0.216363636,-0.176199702,1,1,1,1,1,1,1,1,0,0,0.163183835,1,0.19279561,0.153377973,0.022448122,0.004927469,0.030492099,0.029153681,0.030671838,0.029393642,0.031955813,0.030560939,0.036099924,0.034406362,0.036742608,0.036068187,0.035101632,0.036121907,0.032498487,0.033512106,0.0659047,0.068784291,0.072107268,0.076446548,0.030542052,0.033313944,0.025820847,0.029203118,0.031523779,0.038689599,0.018115396,0.026598322,0.006327864,0.013843048,0.53,0.47
1/20/20,0,0,0,0,0,0,-0.096363636,0.041818182,-0.008673621,1,1,1,1,1,1,1,1,0,0,0.163183835,1,0.19279561,0.153377973,0.022448122,0.004927469,0.030492099,0.029153681,0.030671838,0.029393642,0.031955813,0.030560939,0.036099924,0.034406362,0.036742608,0.036068187,0.035101632,0.036121907,0.032498487,0.033512106,0.0659047,0.068784291,0.072107268,0.076446548,0.030542052,0.033313944,0.025820847,0.029203118,0.031523779,0.038689599,0.018115396,0.026598322,0.006327864,0.013843048,0.53,0.47
1/21/20,0,0,0,0,0,0,-0.050909091,0.1,0.010432191,1,1,1,1,1,1,1,1,0,0,0.163183835,1,0.19279561,0.153377973,0.022448122,0.004927469,0.030492099,0.029153681,0.030671838,0.029393642,0.031955813,0.030560939,0.036099924,0.034406362,0.036742608,0.036068187,0.035101632,0.036121907,0.032498487,0.033512106,0.0659047,0.068784291,0.072107268,0.076446548,0.030542052,0.033313944,0.025820847,0.029203118,0.031523779,0.038689599,0.018115396,0.026598322,0.006327864,0.013843048,0.53,0.47
1/22/20,0,0,0,0,0,0,0.001818182,0.16,0.019508197,1,1,1,1,1,1,1,1,0,0,0.163183835,1,0.19279561,0.153377973,0.022448122,0.004927469,0.030492099,0.029153681,0.030671838,0.029393642,0.031955813,0.030560939,0.036099924,0.034406362,0.036742608,0.036068187,0.035101632,0.036121907,0.032498487,0.033512106,0.0659047,0.068784291,0.072107268,0.076446548,0.030542052,0.033313944,0.025820847,0.029203118,0.031523779,0.038689599,0.018115396,0.026598322,0.006327864,0.013843048,0.53,0.47
1/23/20,0,0,0,0,0,0,0.06,0.114545455,0.080417288,1,1,1,1,1,1,1,1,0,0,0.163183835,1,0.19279561,0.153377973,0.022448122,0.004927469,0.030492099,0.029153681,0.030671838,0.029393642,0.031955813,0.030560939,0.036099924,0.034406362,0.036742608,0.036068187,0.035101632,0.036121907,0.032498487,0.033512106,0.0659047,0.068784291,0.072107268,0.076446548,0.030542052,0.033313944,0.025820847,0.029203118,0.031523779,0.038689599,0.018115396,0.026598322,0.006327864,0.013843048,0.53,0.47
1/24/20,0,0,0,0,0,0,0.343636364,0.225454545,0.254485842,1,1,1,1,1,1,1,1,0,0,0.163183835,1,0.19279561,0.153377973,0.022448122,0.004927469,0.030492099,0.029153681,0.030671838,0.029393642,0.031955813,0.030560939,0.036099924,0.034406362,0.036742608,0.036068187,0.035101632,0.036121907,0.032498487,0.033512106,0.0659047,0.068784291,0.072107268,0.076446548,0.030542052,0.033313944,0.025820847,0.029203118,0.031523779,0.038689599,0.018115396,0.026598322,0.006327864,0.013843048,0.53,0.47
1/25/20,0,0,0,0,0,0,0.289090909,-0.009090909,0.152697466,1,1,1,1,1,1,1,1,0,0,0.163183835,1,0.19279561,0.153377973,0.022448122,0.004927469,0.030492099,0.029153681,0.030671838,0.029393642,0.031955813,0.030560939,0.036099924,0.034406362,0.036742608,0.036068187,0.035101632,0.036121907,0.032498487,0.033512106,0.0659047,0.068784291,0.072107268,0.076446548,0.030542052,0.033313944,0.025820847,0.029203118,0.031523779,0.038689599,0.018115396,0.026598322,0.006327864,0.013843048,0.53,0.47
1/26/20,0,0,0,0,0,0,-0.167272727,-0.181818182,-0.161028316,1,1,1,1,1,1,1,1,0,0,0.163183835,1,0.19279561,0.153377973,0.022448122,0.004927469,0.030492099,0.029153681,0.030671838,0.029393642,0.031955813,0.030560939,0.036099924,0.034406362,0.036742608,0.036068187,0.035101632,0.036121907,0.032498487,0.033512106,0.0659047,0.068784291,0.072107268,0.076446548,0.030542052,0.033313944,0.025820847,0.029203118,0.031523779,0.038689599,0.018115396,0.026598322,0.006327864,0.013843048,0.53,0.47
1/27/20,0,0,0,0,0,0,-0.070909091,0.087272727,-0.06704918,1,1,1,1,1,1,1,1,0,0,0.163183835,1,0.19279561,0.153377973,0.022448122,0.004927469,0.030492099,0.029153681,0.030671838,0.029393642,0.031955813,0.030560939,0.036099924,0.034406362,0.036742608,0.036068187,0.035101632,0.036121907,0.032498487,0.033512106,0.0659047,0.068784291,0.072107268,0.076446548,0.030542052,0.033313944,0.025820847,0.029203118,0.031523779,0.038689599,0.018115396,0.026598322,0.006327864,0.013843048,0.53,0.47
1/28/20,0,0,0,0,0,0,-0.065454545,0.054545455,-0.022041729,1,1,1,1,1,1,1,1,0,0,0.163183835,1,0.19279561,0.153377973,0.022448122,0.004927469,0.030492099,0.029153681,0.030671838,0.029393642,0.031955813,0.030560939,0.036099924,0.034406362,0.036742608,0.036068187,0.035101632,0.036121907,0.032498487,0.033512106,0.0659047,0.068784291,0.072107268,0.076446548,0.030542052,0.033313944,0.025820847,0.029203118,0.031523779,0.038689599,0.018115396,0.026598322,0.006327864,0.013843048,0.53,0.47
1/29/20,0,0,0,0,0,0,-0.063636364,0.076363636,-0.013517139,1,1,1,1,1,1,1,1,0,0,0.163183835,1,0.19279561,0.153377973,0.022448122,0.004927469,0.030492099,0.029153681,0.030671838,0.029393642,0.031955813,0.030560939,0.036099924,0.034406362,0.036742608,0.036068187,0.035101632,0.036121907,0.032498487,0.033512106,0.0659047,0.068784291,0.072107268,0.076446548,0.030542052,0.033313944,0.025820847,0.029203118,0.031523779,0.038689599,0.018115396,0.026598322,0.006327864,0.013843048,0.53,0.47
1/30/20,0,0,0,0,0,0,-0.001818182,0.092727273,0.039359165,1,1,1,1,1,1,1,1,0,0,0.163183835,1,0.19279561,0.153377973,0.022448122,0.004927469,0.030492099,0.029153681,0.030671838,0.029393642,0.031955813,0.030560939,0.036099924,0.034406362,0.036742608,0.036068187,0.035101632,0.036121907,0.032498487,0.033512106,0.0659047,0.068784291,0.072107268,0.076446548,0.030542052,0.033313944,0.025820847,0.029203118,0.031523779,0.038689599,0.018115396,0.026598322,0.006327864,0.013843048,0.53,0.47
1/31/20,0,0,0,0,0,0,0.283636364,0.190909091,0.237988077,1,1,1,1,1,1,1,1,0,0,0.163183835,1,0.19279561,0.153377973,0.022448122,0.004927469,0.030492099,0.029153681,0.030671838,0.029393642,0.031955813,0.030560939,0.036099924,0.034406362,0.036742608,0.036068187,0.035101632,0.036121907,0.032498487,0.033512106,0.0659047,0.068784291,0.072107268,0.076446548,0.030542052,0.033313944,0.025820847,0.029203118,0.031523779,0.038689599,0.018115396,0.026598322,0.006327864,0.013843048,0.53,0.47
2/1/20,0,0,0,0,0,0,0.378181818,0.007272727,0.196199702,1,1,1,1,1,1,1,1,0,0,0.163183835,1,0.19279561,0.153377973,0.022448122,0.004927469,0.030492099,0.029153681,0.030671838,0.029393642,0.031955813,0.030560939,0.036099924,0.034406362,0.036742608,0.036068187,0.035101632,0.036121907,0.032498487,0.033512106,0.0659047,0.068784291,0.072107268,0.076446548,0.030542052,0.033313944,0.025820847,0.029203118,0.031523779,0.038689599,0.018115396,0.026598322,0.006327864,0.013843048,0.53,0.47
2/2/20,0,0,0,0,0,0,-0.189090909,-0.2,-0.184098361,1,1,1,1,1,1,1,1,0,0,0.163183835,1,0.19279561,0.153377973,0.022448122,0.004927469,0.030492099,0.029153681,0.030671838,0.029393642,0.031955813,0.030560939,0.036099924,0.034406362,0.036742608,0.036068187,0.035101632,0.036121907,0.032498487,0.033512106,0.0659047,0.068784291,0.072107268,0.076446548,0.030542052,0.033313944,0.025820847,0.029203118,0.031523779,0.038689599,0.018115396,0.026598322,0.006327864,0.013843048,0.53,0.47
2/3/20,0,0,0,0,0,0,-0.063636364,0.081818182,-0.055320417,1,1,1,1,1,1,1,1,0,0,0.163183835,1,0.19279561,0.153377973,0.022448122,0.004927469,0.030492099,0.029153681,0.030671838,0.029393642,0.031955813,0.030560939,0.036099924,0.034406362,0.036742608,0.036068187,0.035101632,0.036121907,0.032498487,0.033512106,0.0659047,0.068784291,0.072107268,0.076446548,0.030542052,0.033313944,0.025820847,0.029203118,0.031523779,0.038689599,0.018115396,0.026598322,0.006327864,0.013843048,0.53,0.47
2/4/20,0,0,0,0,0,0,-0.032727273,0.054545455,-0.003502235,1,1,1,1,1,1,1,1,0,0,0.163183835,1,0.19279561,0.153377973,0.022448122,0.004927469,0.030492099,0.029153681,0.030671838,0.029393642,0.031955813,0.030560939,0.036099924,0.034406362,0.036742608,0.036068187,0.035101632,0.036121907,0.032498487,0.033512106,0.0659047,0.068784291,0.072107268,0.076446548,0.030542052,0.033313944,0.025820847,0.029203118,0.031523779,0.038689599,0.018115396,0.026598322,0.006327864,0.013843048,0.53,0.47
2/5/20,0,0,0,0,0,0,-0.045454545,0.061818182,-0.00119225,1,1,1,1,1,1,1,1,0,0,0.163183835,1,0.19279561,0.153377973,0.022448122,0.004927469,0.030492099,0.029153681,0.030671838,0.029393642,0.031955813,0.030560939,0.036099924,0.034406362,0.036742608,0.036068187,0.035101632,0.036121907,0.032498487,0.033512106,0.0659047,0.068784291,0.072107268,0.076446548,0.030542052,0.033313944,0.025820847,0.029203118,0.031523779,0.038689599,0.018115396,0.026598322,0.006327864,0.013843048,0.53,0.47
2/6/20,0,0,0,0,0,0,-0.027272727,0.043636364,0.003442623,1,1,1,1,1,1,1,1,0,0,0.163183835,1,0.19279561,0.153377973,0.022448122,0.004927469,0.030492099,0.029153681,0.030671838,0.029393642,0.031955813,0.030560939,0.036099924,0.034406362,0.036742608,0.036068187,0.035101632,0.036121907,0.032498487,0.033512106,0.0659047,0.068784291,0.072107268,0.076446548,0.030542052,0.033313944,0.025820847,0.029203118,0.031523779,0.038689599,0.018115396,0.026598322,0.006327864,0.013843048,0.53,0.47
2/7/20,0,0,0,0,0,0,0.065454545,0.043636364,0.014247392,1,1,1,1,1,1,1,1,0,0,0.163183835,1,0.19279561,0.153377973,0.022448122,0.004927469,0.030492099,0.029153681,0.030671838,0.029393642,0.031955813,0.030560939,0.036099924,0.034406362,0.036742608,0.036068187,0.035101632,0.036121907,0.032498487,0.033512106,0.0659047,0.068784291,0.072107268,0.076446548,0.030542052,0.033313944,0.025820847,0.029203118,0.031523779,0.038689599,0.018115396,0.026598322,0.006327864,0.013843048,0.53,0.47
2/8/20,0,0,0,0,0,0,0.249090909,0.007272727,0.13295082,1,1,1,1,1,1,1,1,0,0,0.163183835,1,0.19279561,0.153377973,0.022448122,0.004927469,0.030492099,0.029153681,0.030671838,0.029393642,0.031955813,0.030560939,0.036099924,0.034406362,0.036742608,0.036068187,0.035101632,0.036121907,0.032498487,0.033512106,0.0659047,0.068784291,0.072107268,0.076446548,0.030542052,0.033313944,0.025820847,0.029203118,0.031523779,0.038689599,0.018115396,0.026598322,0.006327864,0.013843048,0.53,0.47
2/9/20,0,0,0,0,0,0,-0.134545455,-0.169090909,-0.10828614,1,1,1,1,1,1,1,1,0,0,0.163183835,1,0.19279561,0.153377973,0.022448122,0.004927469,0.030492099,0.029153681,0.030671838,0.029393642,0.031955813,0.030560939,0.036099924,0.034406362,0.036742608,0.036068187,0.035101632,0.036121907,0.032498487,0.033512106,0.0659047,0.068784291,0.072107268,0.076446548,0.030542052,0.033313944,0.025820847,0.029203118,0.031523779,0.038689599,0.018115396,0.026598322,0.006327864,0.013843048,0.53,0.47
2/10/20,0,0,0,0,0,0,-0.085454545,0.094545455,-0.016363636,1,1,1,1,1,1,1,1,0,0,0.163183835,1,0.19279561,0.153377973,0.022448122,0.004927469,0.030492099,0.029153681,0.030671838,0.029393642,0.031955813,0.030560939,0.036099924,0.034406362,0.036742608,0.036068187,0.035101632,0.036121907,0.032498487,0.033512106,0.0659047,0.068784291,0.072107268,0.076446548,0.030542052,0.033313944,0.025820847,0.029203118,0.031523779,0.038689599,0.018115396,0.026598322,0.006327864,0.013843048,0.53,0.47
2/11/20,0,0,0,0,0,0,-0.018181818,0.12,0.037794337,1,1,1,1,1,1,1,1,0,0,0.163183835,1,0.19279561,0.153377973,0.022448122,0.004927469,0.030492099,0.029153681,0.030671838,0.029393642,0.031955813,0.030560939,0.036099924,0.034406362,0.036742608,0.036068187,0.035101632,0.036121907,0.032498487,0.033512106,0.0659047,0.068784291,0.072107268,0.076446548,0.030542052,0.033313944,0.025820847,0.029203118,0.031523779,0.038689599,0.018115396,0.026598322,0.006327864,0.013843048,0.53,0.47
2/12/20,0,0,0,0,0,0,0.021818182,0.101818182,0.055648286,1,1,1,1,1,1,1,1,0,0,0.163183835,1,0.19279561,0.153377973,0.022448122,0.004927469,0.030492099,0.029153681,0.030671838,0.029393642,0.031955813,0.030560939,0.036099924,0.034406362,0.036742608,0.036068187,0.035101632,0.036121907,0.032498487,0.033512106,0.0659047,0.068784291,0.072107268,0.076446548,0.030542052,0.033313944,0.025820847,0.029203118,0.031523779,0.038689599,0.018115396,0.026598322,0.006327864,0.013843048,0.53,0.47
2/13/20,0,0,0,0,0,0,0.049090909,0.138181818,0.113338301,1,1,1,1,1,1,1,1,0,0,0.163183835,1,0.19279561,0.153377973,0.022448122,0.004927469,0.030492099,0.029153681,0.030671838,0.029393642,0.031955813,0.030560939,0.036099924,0.034406362,0.036742608,0.036068187,0.035101632,0.036121907,0.032498487,0.033512106,0.0659047,0.068784291,0.072107268,0.076446548,0.030542052,0.033313944,0.025820847,0.029203118,0.031523779,0.038689599,0.018115396,0.026598322,0.006327864,0.013843048,0.53,0.47
2/14/20,0,0,0,0,0,0,0.352727273,0.227272727,0.36828614,1,1,1,1,1,1,1,1,0,0,0.163183835,1,0.19279561,0.153377973,0.022448122,0.004927469,0.030492099,0.029153681,0.030671838,0.029393642,0.031955813,0.030560939,0.036099924,0.034406362,0.036742608,0.036068187,0.035101632,0.036121907,0.032498487,0.033512106,0.0659047,0.068784291,0.072107268,0.076446548,0.030542052,0.033313944,0.025820847,0.029203118,0.031523779,0.038689599,0.018115396,0.026598322,0.006327864,0.013843048,0.53,0.47
2/15/20,0.03,-0.04,-0.02,-0.04,0.01,0,0.38,0.016363636,0.238390462,1,1,1,1,1,1,1,1,0,0,0.163183835,1,0.19279561,0.153377973,0.022448122,0.004927469,0.030492099,0.029153681,0.030671838,0.029393642,0.031955813,0.030560939,0.036099924,0.034406362,0.036742608,0.036068187,0.035101632,0.036121907,0.032498487,0.033512106,0.0659047,0.068784291,0.072107268,0.076446548,0.030542052,0.033313944,0.025820847,0.029203118,0.031523779,0.038689599,0.018115396,0.026598322,0.006327864,0.013843048,0.53,0.47
2/16/20,0.07,-0.03,0.13,0,0,-0.01,0.018181818,-0.085454545,-0.037421759,1,1,1,1,1,1,1,1,0,0,0.163183835,1,0.19279561,0.153377973,0.022448122,0.004927469,0.030492099,0.029153681,0.030671838,0.029393642,0.031955813,0.030560939,0.036099924,0.034406362,0.036742608,0.036068187,0.035101632,0.036121907,0.032498487,0.033512106,0.0659047,0.068784291,0.072107268,0.076446548,0.030542052,0.033313944,0.025820847,0.029203118,0.031523779,0.038689599,0.018115396,0.026598322,0.006327864,0.013843048,0.53,0.47
2/17/20,0.07,-0.02,0.23,-0.22,-0.37,0.09,-0.003636364,0.049090909,0.060849478,1,1,1,1,1,1,1,1,0,0,0.163183835,1,0.19279561,0.153377973,0.022448122,0.004927469,0.030492099,0.029153681,0.030671838,0.029393642,0.031955813,0.030560939,0.036099924,0.034406362,0.036742608,0.036068187,0.035101632,0.036121907,0.032498487,0.033512106,0.0659047,0.068784291,0.072107268,0.076446548,0.030542052,0.033313944,0.025820847,0.029203118,0.031523779,0.038689599,0.018115396,0.026598322,0.006327864,0.013843048,0.53,0.47
2/18/20,-0.02,-0.05,-0.04,-0.05,-0.1,0.03,0.009090909,0.063636364,0.042265276,1,1,1,1,1,1,1,1,0,0,0.163183835,1,0.19279561,0.153377973,0.022448122,0.004927469,0.030492099,0.029153681,0.030671838,0.029393642,0.031955813,0.030560939,0.036099924,0.034406362,0.036742608,0.036068187,0.035101632,0.036121907,0.032498487,0.033512106,0.0659047,0.068784291,0.072107268,0.076446548,0.030542052,0.033313944,0.025820847,0.029203118,0.031523779,0.038689599,0.018115396,0.026598322,0.006327864,0.013843048,0.53,0.47
2/19/20,0.03,-0.02,0.11,-0.03,-0.09,0.02,0.049090909,0.070909091,0.087630402,1,1,1,1,1,1,1,1,0,0,0.163183835,1,0.19279561,0.153377973,0.022448122,0.004927469,0.030492099,0.029153681,0.030671838,0.029393642,0.031955813,0.030560939,0.036099924,0.034406362,0.036742608,0.036068187,0.035101632,0.036121907,0.032498487,0.033512106,0.0659047,0.068784291,0.072107268,0.076446548,0.030542052,0.033313944,0.025820847,0.029203118,0.031523779,0.038689599,0.018115396,0.026598322,0.006327864,0.013843048,0.53,0.47
2/20/20,0.02,-0.03,0,-0.03,-0.09,0.02,0.063636364,0.063636364,0.115409836,1,1,1,1,1,1,1,1,0,0,0.163183835,1,0.19279561,0.153377973,0.022448122,0.004927469,0.030492099,0.029153681,0.030671838,0.029393642,0.031955813,0.030560939,0.036099924,0.034406362,0.036742608,0.036068187,0.035101632,0.036121907,0.032498487,0.033512106,0.0659047,0.068784291,0.072107268,0.076446548,0.030542052,0.033313944,0.025820847,0.029203118,0.031523779,0.038689599,0.018115396,0.026598322,0.006327864,0.013843048,0.53,0.47
2/21/20,-0.01,-0.05,-0.08,-0.06,-0.09,0.03,0.341818182,0.163636364,0.298971684,1,1,1,1,1,1,1,1,0,0,0.163183835,1,0.19279561,0.153377973,0.022448122,0.004927469,0.030492099,0.029153681,0.030671838,0.029393642,0.031955813,0.030560939,0.036099924,0.034406362,0.036742608,0.036068187,0.035101632,0.036121907,0.032498487,0.033512106,0.0659047,0.068784291,0.072107268,0.076446548,0.030542052,0.033313944,0.025820847,0.029203118,0.031523779,0.038689599,0.018115396,0.026598322,0.006327864,0.013843048,0.53,0.47
2/22/20,0.08,0,0.29,0.03,0.04,-0.01,0.414545455,0.02,0.245499255,1,1,1,1,1,1,1,1,0,0,0.163183835,1,0.19279561,0.153377973,0.022448122,0.004927469,0.030492099,0.029153681,0.030671838,0.029393642,0.031955813,0.030560939,0.036099924,0.034406362,0.036742608,0.036068187,0.035101632,0.036121907,0.032498487,0.033512106,0.0659047,0.068784291,0.072107268,0.076446548,0.030542052,0.033313944,0.025820847,0.029203118,0.031523779,0.038689599,0.018115396,0.026598322,0.006327864,0.013843048,0.53,0.47
2/23/20,0.09,0.02,0.54,0.03,0.03,-0.01,0.030909091,-0.149090909,-0.049597615,1,1,1,1,1,1,1,1,0,0,0.163183835,1,0.19279561,0.153377973,0.022448122,0.004927469,0.030492099,0.029153681,0.030671838,0.029393642,0.031955813,0.030560939,0.036099924,0.034406362,0.036742608,0.036068187,0.035101632,0.036121907,0.032498487,0.033512106,0.0659047,0.068784291,0.072107268,0.076446548,0.030542052,0.033313944,0.025820847,0.029203118,0.031523779,0.038689599,0.018115396,0.026598322,0.006327864,0.013843048,0.53,0.47
2/24/20,0.03,0,0.25,-0.01,0.04,0,0.014545455,0.052727273,0.009403875,1,1,1,1,1,1,1,1,0,0,0.163183835,1,0.19279561,0.153377973,0.022448122,0.004927469,0.030492099,0.029153681,0.030671838,0.029393642,0.031955813,0.030560939,0.036099924,0.034406362,0.036742608,0.036068187,0.035101632,0.036121907,0.032498487,0.033512106,0.0659047,0.068784291,0.072107268,0.076446548,0.030542052,0.033313944,0.025820847,0.029203118,0.031523779,0.038689599,0.018115396,0.026598322,0.006327864,0.013843048,0.53,0.47
2/25/20,-0.01,-0.02,-0.01,-0.01,0.03,0,-0.014545455,0.081818182,0.050804769,1,1,1,1,1,1,1,1,0,0,0.163183835,1,0.19279561,0.153377973,0.022448122,0.004927469,0.030492099,0.029153681,0.030671838,0.029393642,0.031955813,0.030560939,0.036099924,0.034406362,0.036742608,0.036068187,0.035101632,0.036121907,0.032498487,0.033512106,0.0659047,0.068784291,0.072107268,0.076446548,0.030542052,0.033313944,0.025820847,0.029203118,0.031523779,0.038689599,0.018115396,0.026598322,0.006327864,0.013843048,0.53,0.47
2/26/20,0.04,0.03,-0.01,0,0.03,0,0.069090909,0.074545455,0.099448584,1,1,1,1,1,1,1,1,0,0,0.163183835,1,0.19279561,0.153377973,0.022448122,0.004927469,0.030492099,0.029153681,0.030671838,0.029393642,0.031955813,0.030560939,0.036099924,0.034406362,0.036742608,0.036068187,0.035101632,0.036121907,0.032498487,0.033512106,0.0659047,0.068784291,0.072107268,0.076446548,0.030542052,0.033313944,0.025820847,0.029203118,0.031523779,0.038689599,0.018115396,0.026598322,0.006327864,0.013843048,0.53,0.47
2/27/20,-0.01,-0.02,-0.04,0,0,0.01,-0.018181818,0.050909091,0.034888227,1,1,1,1,1,1,1,1,0,0,0.163183835,1,0.19279561,0.153377973,0.022448122,0.004927469,0.030492099,0.029153681,0.030671838,0.029393642,0.031955813,0.030560939,0.036099924,0.034406362,0.036742608,0.036068187,0.035101632,0.036121907,0.032498487,0.033512106,0.0659047,0.068784291,0.072107268,0.076446548,0.030542052,0.033313944,0.025820847,0.029203118,0.031523779,0.038689599,0.018115396,0.026598322,0.006327864,0.013843048,0.53,0.47
2/28/20,0.01,0,-0.09,0,0.03,0.01,0.307272727,0.158181818,0.303770492,1,1,1,1,1,1,1,1,0,0,0.163183835,1,0.19279561,0.153377973,0.022448122,0.004927469,0.030492099,0.029153681,0.030671838,0.029393642,0.031955813,0.030560939,0.036099924,0.034406362,0.036742608,0.036068187,0.035101632,0.036121907,0.032498487,0.033512106,0.0659047,0.068784291,0.072107268,0.076446548,0.030542052,0.033313944,0.025820847,0.029203118,0.031523779,0.038689599,0.018115396,0.026598322,0.006327864,0.013843048,0.53,0.47
2/29/20,0.07,0.01,-0.05,-0.01,0.04,0,0.4,0.043636364,0.289508197,1,1,1,1,1,1,1,1,0,0,0.163183835,1,0.19279561,0.153377973,0.022448122,0.004927469,0.030492099,0.029153681,0.030671838,0.029393642,0.031955813,0.030560939,0.036099924,0.034406362,0.036742608,0.036068187,0.035101632,0.036121907,0.032498487,0.033512106,0.0659047,0.068784291,0.072107268,0.076446548,0.030542052,0.033313944,0.025820847,0.029203118,0.031523779,0.038689599,0.018115396,0.026598322,0.006327864,0.013843048,0.53,0.47
3/1/20,0.1,0.05,0.09,0,0.03,-0.01,-0.049090909,-0.158181818,-0.035350224,1,1,1,1,1,1,1,1,1,0,0.163183835,1,0.19279561,0.153377973,0.022448122,0.004927469,0.030492099,0.029153681,0.030671838,0.029393642,0.031955813,0.030560939,0.036099924,0.034406362,0.036742608,0.036068187,0.035101632,0.036121907,0.032498487,0.033512106,0.0659047,0.068784291,0.072107268,0.076446548,0.030542052,0.033313944,0.025820847,0.029203118,0.031523779,0.038689599,0.018115396,0.026598322,0.006327864,0.013843048,0.53,0.47
3/2/20,0.06,0.05,0.16,-0.01,0.04,0,0.007272727,0.029090909,0.03976155,1,1,1,1,1,1,1,1,0,0,0.163183835,1,0.19279561,0.153377973,0.022448122,0.004927469,0.030492099,0.029153681,0.030671838,0.029393642,0.031955813,0.030560939,0.036099924,0.034406362,0.036742608,0.036068187,0.035101632,0.036121907,0.032498487,0.033512106,0.0659047,0.068784291,0.072107268,0.076446548,0.030542052,0.033313944,0.025820847,0.029203118,0.031523779,0.038689599,0.018115396,0.026598322,0.006327864,0.013843048,0.53,0.47
3/3/20,0.04,0.06,0.06,0,0.04,0,0.049090909,0.092727273,0.085543964,1,1,1,1,1,1,1,1,1,0,0.163183835,1,0.19279561,0.153377973,0.022448122,0.004927469,0.030492099,0.029153681,0.030671838,0.029393642,0.031955813,0.030560939,0.036099924,0.034406362,0.036742608,0.036068187,0.035101632,0.036121907,0.032498487,0.033512106,0.0659047,0.068784291,0.072107268,0.076446548,0.030542052,0.033313944,0.025820847,0.029203118,0.031523779,0.038689599,0.018115396,0.026598322,0.006327864,0.013843048,0.53,0.47
3/4/20,0.07,0.08,0.16,0,0.03,0,0.063636364,0.098181818,0.098211624,1,1,1,1,1,1,1,1,9,0,0.163183835,1,0.19279561,0.153377973,0.022448122,0.004927469,0.030492099,0.029153681,0.030671838,0.029393642,0.031955813,0.030560939,0.036099924,0.034406362,0.036742608,0.036068187,0.035101632,0.036121907,0.032498487,0.033512106,0.0659047,0.068784291,0.072107268,0.076446548,0.030542052,0.033313944,0.025820847,0.029203118,0.031523779,0.038689599,0.018115396,0.026598322,0.006327864,0.013843048,0.53,0.47
3/5/20,0.08,0.09,0.21,0,0.04,-0.01,0.18,0.103636364,0.161117735,1,1,1,1,1,1,1,1,11,0,0.163183835,1,0.19279561,0.153377973,0.022448122,0.004927469,0.030492099,0.029153681,0.030671838,0.029393642,0.031955813,0.030560939,0.036099924,0.034406362,0.036742608,0.036068187,0.035101632,0.036121907,0.032498487,0.033512106,0.0659047,0.068784291,0.072107268,0.076446548,0.030542052,0.033313944,0.025820847,0.029203118,0.031523779,0.038689599,0.018115396,0.026598322,0.006327864,0.013843048,0.53,0.47
3/6/20,-0.01,0,-0.11,-0.03,0.03,0.01,0.341818182,0.158181818,0.303576751,1,1,1,1,1,1,1,1,22,0,0.163183835,1,0.19279561,0.153377973,0.022448122,0.004927469,0.030492099,0.029153681,0.030671838,0.029393642,0.031955813,0.030560939,0.036099924,0.034406362,0.036742608,0.036068187,0.035101632,0.036121907,0.032498487,0.033512106,0.0659047,0.068784291,0.072107268,0.076446548,0.030542052,0.033313944,0.025820847,0.029203118,0.031523779,0.038689599,0.018115396,0.026598322,0.006327864,0.013843048,0.53,0.47
3/7/20,0.1,0.08,0.17,0,0.06,-0.01,0.550909091,0.074545455,0.295529061,1,1,1,1,1,1,1,1,45,0,0.163183835,1,0.19279561,0.153377973,0.022448122,0.004927469,0.030492099,0.029153681,0.030671838,0.029393642,0.031955813,0.030560939,0.036099924,0.034406362,0.036742608,0.036068187,0.035101632,0.036121907,0.032498487,0.033512106,0.0659047,0.068784291,0.072107268,0.076446548,0.030542052,0.033313944,0.025820847,0.029203118,0.031523779,0.038689599,0.018115396,0.026598322,0.006327864,0.013843048,0.53,0.47
3/8/20,0.1,0.07,0.61,0,0.02,-0.01,0.030909091,-0.147272727,-0.032891207,1,1,1,1,1,1,1,1,17,0,0.163183835,1,0.19279561,0.153377973,0.022448122,0.004927469,0.030492099,0.029153681,0.030671838,0.029393642,0.031955813,0.030560939,0.036099924,0.034406362,0.036742608,0.036068187,0.035101632,0.036121907,0.032498487,0.033512106,0.0659047,0.068784291,0.072107268,0.076446548,0.030542052,0.033313944,0.025820847,0.029203118,0.031523779,0.038689599,0.018115396,0.026598322,0.006327864,0.013843048,0.53,0.47
3/9/20,0.07,0.08,0.62,-0.04,0.01,0,0.134545455,0.089090909,0.056140089,1,1,1,1,1,1,1,1,36,0,0.163183835,1,0.19279561,0.153377973,0.022448122,0.004927469,0.030492099,0.029153681,0.030671838,0.029393642,0.031955813,0.030560939,0.036099924,0.034406362,0.036742608,0.036068187,0.035101632,0.036121907,0.032498487,0.033512106,0.0659047,0.068784291,0.072107268,0.076446548,0.030542052,0.033313944,0.025820847,0.029203118,0.031523779,0.038689599,0.018115396,0.026598322,0.006327864,0.013843048,0.53,0.47
3/10/20,0.01,0.07,0.14,-0.07,-0.01,0.01,-0.02,0.02,0.042175857,1,1,1,1,1,1,1,1,31,0,0.163183835,1,0.19279561,0.153377973,0.022448122,0.004927469,0.030492099,0.029153681,0.030671838,0.029393642,0.031955813,0.030560939,0.036099924,0.034406362,0.036742608,0.036068187,0.035101632,0.036121907,0.032498487,0.033512106,0.0659047,0.068784291,0.072107268,0.076446548,0.030542052,0.033313944,0.025820847,0.029203118,0.031523779,0.038689599,0.018115396,0.026598322,0.006327864,0.013843048,0.53,0.47
3/11/20,0.03,0.11,0.2,-0.08,-0.01,0.01,0.010909091,0.016363636,0.056929955,1,1,1,1,1,1,1,0,44,0,0.163183835,1,0.19279561,0.153377973,0.022448122,0.004927469,0.030492099,0.029153681,0.030671838,0.029393642,0.031955813,0.030560939,0.036099924,0.034406362,0.036742608,0.036068187,0.035101632,0.036121907,0.032498487,0.033512106,0.0659047,0.068784291,0.072107268,0.076446548,0.030542052,0.033313944,0.025820847,0.029203118,0.031523779,0.038689599,0.018115396,0.026598322,0.006327864,0.013843048,0.53,0.47
3/12/20,0.01,0.27,0.06,-0.13,-0.03,0.02,-0.030909091,-0.02,0.023919523,1,1,1,1,1,1,1,0,109,0,0.163183835,1,0.19279561,0.153377973,0.022448122,0.004927469,0.030492099,0.029153681,0.030671838,0.029393642,0.031955813,0.030560939,0.036099924,0.034406362,0.036742608,0.036068187,0.035101632,0.036121907,0.032498487,0.033512106,0.0659047,0.068784291,0.072107268,0.076446548,0.030542052,0.033313944,0.025820847,0.029203118,0.031523779,0.038689599,0.018115396,0.026598322,0.006327864,0.013843048,0.53,0.47
3/13/20,-0.06,0.28,0.01,-0.19,-0.08,0.05,0.027272727,-0.1,0.095976155,1,1,1,1,1,1,1,0,95,0,0.163183835,1,0.19279561,0.153377973,0.022448122,0.004927469,0.030492099,0.029153681,0.030671838,0.029393642,0.031955813,0.030560939,0.036099924,0.034406362,0.036742608,0.036068187,0.035101632,0.036121907,0.032498487,0.033512106,0.0659047,0.068784291,0.072107268,0.076446548,0.030542052,0.033313944,0.025820847,0.029203118,0.031523779,0.038689599,0.018115396,0.026598322,0.006327864,0.013843048,0.53,0.47
3/14/20,-0.09,0.21,0.2,-0.2,-0.02,0.04,0.034545455,-0.285454545,-0.057272727,1,1,1,1,1,1,1,0,189,2,0.163183835,1,0.19279561,0.153377973,0.022448122,0.004927469,0.030492099,0.029153681,0.030671838,0.029393642,0.031955813,0.030560939,0.036099924,0.034406362,0.036742608,0.036068187,0.035101632,0.036121907,0.032498487,0.033512106,0.0659047,0.068784291,0.072107268,0.076446548,0.030542052,0.033313944,0.025820847,0.029203118,0.031523779,0.038689599,0.018115396,0.026598322,0.006327864,0.013843048,0.53,0.47
3/15/20,-0.14,0.14,0.28,-0.25,-0.07,0.04,-0.272727273,-0.416363636,-0.327436662,1,1,1,1,1,1,1,0,122,4,0.163183835,1,0.19279561,0.153377973,0.022448122,0.004927469,0.030492099,0.029153681,0.030671838,0.029393642,0.031955813,0.030560939,0.036099924,0.034406362,0.036742608,0.036068187,0.035101632,0.036121907,0.032498487,0.033512106,0.0659047,0.068784291,0.072107268,0.076446548,0.030542052,0.033313944,0.025820847,0.029203118,0.031523779,0.038689599,0.018115396,0.026598322,0.006327864,0.013843048,0.53,0.47
3/16/20,-0.15,0.24,-0.1,-0.36,-0.25,0.1,-0.249090909,-0.336363636,-0.242697466,1,1,1,1,1,1,1,0,218,4,0.163183835,1,0.19279561,0.153377973,0.022448122,0.004927469,0.030492099,0.029153681,0.030671838,0.029393642,0.031955813,0.030560939,0.036099924,0.034406362,0.036742608,0.036068187,0.035101632,0.036121907,0.032498487,0.033512106,0.0659047,0.068784291,0.072107268,0.076446548,0.030542052,0.033313944,0.025820847,0.029203118,0.031523779,0.038689599,0.018115396,0.026598322,0.006327864,0.013843048,0.53,0.47
3/17/20,-0.31,0.13,-0.16,-0.42,-0.32,0.14,-0.349090909,-0.441818182,-0.332459016,1,1,1,0,1,1,1,0,425,8,0.163183835,1,0.19279561,0.153377973,0.022448122,0.004927469,0.030492099,0.029153681,0.030671838,0.029393642,0.031955813,0.030560939,0.036099924,0.034406362,0.036742608,0.036068187,0.035101632,0.036121907,0.032498487,0.033512106,0.0659047,0.068784291,0.072107268,0.076446548,0.030542052,0.033313944,0.025820847,0.029203118,0.031523779,0.038689599,0.018115396,0.026598322,0.006327864,0.013843048,0.53,0.47
3/18/20,-0.33,0.1,0.07,-0.44,-0.36,0.16,-0.327272727,-0.450909091,-0.346020864,1,1,1,0,1,1,1,0,1012,14,0.163183835,1,0.19279561,0.153377973,0.022448122,0.004927469,0.030492099,0.029153681,0.030671838,0.029393642,0.031955813,0.030560939,0.036099924,0.034406362,0.036742608,0.036068187,0.035101632,0.036121907,0.032498487,0.033512106,0.0659047,0.068784291,0.072107268,0.076446548,0.030542052,0.033313944,0.025820847,0.029203118,0.031523779,0.038689599,0.018115396,0.026598322,0.006327864,0.013843048,0.53,0.47
3/19/20,-0.39,0.02,-0.16,-0.5,-0.4,0.18,-0.347272727,-0.512727273,-0.365737705,1,1,1,0,0,1,0,0,1774,7,0.163183835,1,0.19279561,0.153377973,0.022448122,0.004927469,0.030492099,0.029153681,0.030671838,0.029393642,0.031955813,0.030560939,0.036099924,0.034406362,0.036742608,0.036068187,0.035101632,0.036121907,0.032498487,0.033512106,0.0659047,0.068784291,0.072107268,0.076446548,0.030542052,0.033313944,0.025820847,0.029203118,0.031523779,0.038689599,0.018115396,0.026598322,0.006327864,0.013843048,0.53,0.47
3/20/20,-0.4,0.08,-0.09,-0.5,-0.43,0.2,-0.32,-0.52,-0.31704918,1,1,1,0,0,0,0,0,2952,29,0.163183835,1,0.19279561,0.153377973,0.022448122,0.004927469,0.030492099,0.029153681,0.030671838,0.029393642,0.031955813,0.030560939,0.036099924,0.034406362,0.036742608,0.036068187,0.035101632,0.036121907,0.032498487,0.033512106,0.0659047,0.068784291,0.072107268,0.076446548,0.030542052,0.033313944,0.025820847,0.029203118,0.031523779,0.038689599,0.018115396,0.026598322,0.006327864,0.013843048,0.53,0.47
3/21/20,-0.46,0,-0.01,-0.5,-0.3,0.13,-0.438181818,-0.590909091,-0.431132638,1,0,0,0,0,0,0,0,3258,27,0.163183835,1,0.19279561,0.153377973,0.022448122,0.004927469,0.030492099,0.029153681,0.030671838,0.029393642,0.031955813,0.030560939,0.036099924,0.034406362,0.036742608,0.036068187,0.035101632,0.036121907,0.032498487,0.033512106,0.0659047,0.068784291,0.072107268,0.076446548,0.030542052,0.033313944,0.025820847,0.029203118,0.031523779,0.038689599,0.018115396,0.026598322,0.006327864,0.013843048,0.53,0.47
3/22/20,-0.54,-0.19,-0.15,-0.59,-0.36,0.13,-0.505454545,-0.656363636,-0.579910581,1,0,0,0,0,0,0,0,4817,47,0.163183835,1,0.19279561,0.153377973,0.022448122,0.004927469,0.030492099,0.029153681,0.030671838,0.029393642,0.031955813,0.030560939,0.036099924,0.034406362,0.036742608,0.036068187,0.035101632,0.036121907,0.032498487,0.033512106,0.0659047,0.068784291,0.072107268,0.076446548,0.030542052,0.033313944,0.025820847,0.029203118,0.031523779,0.038689599,0.018115396,0.026598322,0.006327864,0.013843048,0.53,0.47
3/23/20,-0.62,-0.37,-0.64,-0.69,-0.57,0.26,-0.545454545,-0.592727273,-0.569225037,1,0,0,0,0,0,0,0,5711,41,0.163183835,1,0.19279561,0.153377973,0.022448122,0.004927469,0.030492099,0.029153681,0.030671838,0.029393642,0.031955813,0.030560939,0.036099924,0.034406362,0.036742608,0.036068187,0.035101632,0.036121907,0.032498487,0.033512106,0.0659047,0.068784291,0.072107268,0.076446548,0.030542052,0.033313944,0.025820847,0.029203118,0.031523779,0.038689599,0.018115396,0.026598322,0.006327864,0.013843048,0.53,0.47
3/24/20,-0.53,-0.18,-0.16,-0.63,-0.56,0.25,-0.474545455,-0.590909091,-0.518494784,1,0,0,0,0,0,0,0,4805,81,0.163183835,1,0.19279561,0.153377973,0.022448122,0.004927469,0.030492099,0.029153681,0.030671838,0.029393642,0.031955813,0.030560939,0.036099924,0.034406362,0.036742608,0.036068187,0.035101632,0.036121907,0.032498487,0.033512106,0.0659047,0.068784291,0.072107268,0.076446548,0.030542052,0.033313944,0.025820847,0.029203118,0.031523779,0.038689599,0.018115396,0.026598322,0.006327864,0.013843048,0.53,0.47
3/25/20,-0.56,-0.23,-0.38,-0.66,-0.57,0.26,-0.441818182,-0.594545455,-0.502265276,1,0,0,0,0,0,0,0,7413,117,0.163183835,1,0.19279561,0.153377973,0.022448122,0.004927469,0.030492099,0.029153681,0.030671838,0.029393642,0.031955813,0.030560939,0.036099924,0.034406362,0.036742608,0.036068187,0.035101632,0.036121907,0.032498487,0.033512106,0.0659047,0.068784291,0.072107268,0.076446548,0.030542052,0.033313944,0.025820847,0.029203118,0.031523779,0.038689599,0.018115396,0.026598322,0.006327864,0.013843048,0.53,0.47
3/26/20,-0.52,-0.18,0.01,-0.64,-0.57,0.25,-0.409090909,-0.6,-0.459687034,1,0,0,0,0,0,0,0,5941,121,0.163183835,1,0.19279561,0.153377973,0.022448122,0.004927469,0.030492099,0.029153681,0.030671838,0.029393642,0.031955813,0.030560939,0.036099924,0.034406362,0.036742608,0.036068187,0.035101632,0.036121907,0.032498487,0.033512106,0.0659047,0.068784291,0.072107268,0.076446548,0.030542052,0.033313944,0.025820847,0.029203118,0.031523779,0.038689599,0.018115396,0.026598322,0.006327864,0.013843048,0.53,0.47
3/27/20,-0.54,-0.2,-0.07,-0.64,-0.57,0.27,-0.327272727,-0.556363636,-0.389433681,0,0,0,0,0,0,0,0,5688,143,0.163183835,1,0.19279561,0.153377973,0.022448122,0.004927469,0.030492099,0.029153681,0.030671838,0.029393642,0.031955813,0.030560939,0.036099924,0.034406362,0.036742608,0.036068187,0.035101632,0.036121907,0.032498487,0.033512106,0.0659047,0.068784291,0.072107268,0.076446548,0.030542052,0.033313944,0.025820847,0.029203118,0.031523779,0.038689599,0.018115396,0.026598322,0.006327864,0.013843048,0.53,0.47
3/28/20,-0.61,-0.28,-0.52,-0.67,-0.45,0.18,-0.516363636,-0.629090909,-0.522011923,0,0,0,0,0,0,0,0,8771,290,0.163183835,1,0.19279561,0.153377973,0.022448122,0.004927469,0.030492099,0.029153681,0.030671838,0.029393642,0.031955813,0.030560939,0.036099924,0.034406362,0.036742608,0.036068187,0.035101632,0.036121907,0.032498487,0.033512106,0.0659047,0.068784291,0.072107268,0.076446548,0.030542052,0.033313944,0.025820847,0.029203118,0.031523779,0.038689599,0.018115396,0.026598322,0.006327864,0.013843048,0.53,0.47
3/29/20,-0.62,-0.32,-0.47,-0.68,-0.46,0.16,-0.494545455,-0.629090909,-0.604217586,0,0,0,0,0,0,0,0,6266,245,0.163183835,1,0.19279561,0.153377973,0.022448122,0.004927469,0.030492099,0.029153681,0.030671838,0.029393642,0.031955813,0.030560939,0.036099924,0.034406362,0.036742608,0.036068187,0.035101632,0.036121907,0.032498487,0.033512106,0.0659047,0.068784291,0.072107268,0.076446548,0.030542052,0.033313944,0.025820847,0.029203118,0.031523779,0.038689599,0.018115396,0.026598322,0.006327864,0.013843048,0.53,0.47
3/30/20,-0.55,-0.26,-0.4,-0.69,-0.6,0.26,-0.496363636,-0.58,-0.52390462,0,0,0,0,0,0,0,0,7721,332,0.163183835,1,0.19279561,0.153377973,0.022448122,0.004927469,0.030492099,0.029153681,0.030671838,0.029393642,0.031955813,0.030560939,0.036099924,0.034406362,0.036742608,0.036068187,0.035101632,0.036121907,0.032498487,0.033512106,0.0659047,0.068784291,0.072107268,0.076446548,0.030542052,0.033313944,0.025820847,0.029203118,0.031523779,0.038689599,0.018115396,0.026598322,0.006327864,0.013843048,0.53,0.47
3/31/20,-0.55,-0.24,-0.36,-0.69,-0.61,0.26,-0.458181818,-0.578181818,-0.494977645,0,0,0,0,0,0,0,0,8707,417,0.163183835,1,0.19279561,0.153377973,0.022448122,0.004927469,0.030492099,0.029153681,0.030671838,0.029393642,0.031955813,0.030560939,0.036099924,0.034406362,0.036742608,0.036068187,0.035101632,0.036121907,0.032498487,0.033512106,0.0659047,0.068784291,0.072107268,0.076446548,0.030542052,0.033313944,0.025820847,0.029203118,0.031523779,0.038689599,0.018115396,0.026598322,0.006327864,0.013843048,0.53,0.47
4/1/20,-0.52,-0.18,-0.13,-0.67,-0.61,0.26,-0.398181818,-0.569090909,-0.466691505,0,0,0,0,0,0,0,0,8153,486,0.163183835,1,0.19279561,0.153377973,0.022448122,0.004927469,0.030492099,0.029153681,0.030671838,0.029393642,0.031955813,0.030560939,0.036099924,0.034406362,0.036742608,0.036068187,0.035101632,0.036121907,0.032498487,0.033512106,0.0659047,0.068784291,0.072107268,0.076446548,0.030542052,0.033313944,0.025820847,0.029203118,0.031523779,0.038689599,0.018115396,0.026598322,0.006327864,0.013843048,0.53,0.47
4/2/20,-0.54,-0.2,-0.26,-0.69,-0.62,0.27,-0.421818182,-0.598181818,-0.463457526,0,0,0,0,0,0,0,0,8996,548,0.163183835,1,0.19279561,0.153377973,0.022448122,0.004927469,0.030492099,0.029153681,0.030671838,0.029393642,0.031955813,0.030560939,0.036099924,0.034406362,0.036742608,0.036068187,0.035101632,0.036121907,0.032498487,0.033512106,0.0659047,0.068784291,0.072107268,0.076446548,0.030542052,0.033313944,0.025820847,0.029203118,0.031523779,0.038689599,0.018115396,0.026598322,0.006327864,0.013843048,0.53,0.47
4/3/20,-0.57,-0.22,-0.56,-0.7,-0.62,0.3,-0.427272727,-0.581818182,-0.416393443,0,0,0,0,0,0,0,0,10329,753,0.163183835,1,0.19279561,0.153377973,0.022448122,0.004927469,0.030492099,0.029153681,0.030671838,0.029393642,0.031955813,0.030560939,0.036099924,0.034406362,0.036742608,0.036068187,0.035101632,0.036121907,0.032498487,0.033512106,0.0659047,0.068784291,0.072107268,0.076446548,0.030542052,0.033313944,0.025820847,0.029203118,0.031523779,0.038689599,0.018115396,0.026598322,0.006327864,0.013843048,0.53,0.47
4/4/20,-0.58,-0.21,-0.05,-0.65,-0.47,0.18,-0.396363636,-0.6,-0.449791356,0,0,0,0,0,0,0,0,12274,819,0.163183835,1,0.19279561,0.153377973,0.022448122,0.004927469,0.030492099,0.029153681,0.030671838,0.029393642,0.031955813,0.030560939,0.036099924,0.034406362,0.036742608,0.036068187,0.035101632,0.036121907,0.032498487,0.033512106,0.0659047,0.068784291,0.072107268,0.076446548,0.030542052,0.033313944,0.025820847,0.029203118,0.031523779,0.038689599,0.018115396,0.026598322,0.006327864,0.013843048,0.53,0.47
4/5/20,-0.59,-0.28,-0.11,-0.68,-0.47,0.15,-0.487272727,-0.638181818,-0.559895678,0,0,0,0,0,0,0,0,8122,800,0.163183835,1,0.19279561,0.153377973,0.022448122,0.004927469,0.030492099,0.029153681,0.030671838,0.029393642,0.031955813,0.030560939,0.036099924,0.034406362,0.036742608,0.036068187,0.035101632,0.036121907,0.032498487,0.033512106,0.0659047,0.068784291,0.072107268,0.076446548,0.030542052,0.033313944,0.025820847,0.029203118,0.031523779,0.038689599,0.018115396,0.026598322,0.006327864,0.013843048,0.53,0.47
4/6/20,-0.53,-0.21,-0.03,-0.69,-0.62,0.26,-0.383636364,-0.576363636,-0.455126677,0,0,0,0,0,0,0,0,9304,814,0.163183835,1,0.19279561,0.153377973,0.022448122,0.004927469,0.030492099,0.029153681,0.030671838,0.029393642,0.031955813,0.030560939,0.036099924,0.034406362,0.036742608,0.036068187,0.035101632,0.036121907,0.032498487,0.033512106,0.0659047,0.068784291,0.072107268,0.076446548,0.030542052,0.033313944,0.025820847,0.029203118,0.031523779,0.038689599,0.018115396,0.026598322,0.006327864,0.013843048,0.53,0.47
4/7/20,-0.6,-0.11,-0.06,-0.69,-0.63,0.26,-0.389090909,-0.58,-0.441788376,0,0,0,0,0,0,0,0,8314,1036,0.163183835,1,0.19279561,0.153377973,0.022448122,0.004927469,0.030492099,0.029153681,0.030671838,0.029393642,0.031955813,0.030560939,0.036099924,0.034406362,0.036742608,0.036068187,0.035101632,0.036121907,0.032498487,0.033512106,0.0659047,0.068784291,0.072107268,0.076446548,0.030542052,0.033313944,0.025820847,0.029203118,0.031523779,0.038689599,0.018115396,0.026598322,0.006327864,0.013843048,0.53,0.47
4/8/20,-0.62,-0.12,-0.23,-0.7,-0.63,0.27,-0.412727273,-0.578181818,-0.458643815,0,0,0,0,0,0,0,0,9568,953,0.163183835,1,0.19279561,0.153377973,0.022448122,0.004927469,0.030492099,0.029153681,0.030671838,0.029393642,0.031955813,0.030560939,0.036099924,0.034406362,0.036742608,0.036068187,0.035101632,0.036121907,0.032498487,0.033512106,0.0659047,0.068784291,0.072107268,0.076446548,0.030542052,0.033313944,0.025820847,0.029203118,0.031523779,0.038689599,0.018115396,0.026598322,0.006327864,0.013843048,0.53,0.47
4/9/20,-0.65,-0.15,-0.46,-0.73,-0.65,0.29,-0.467272727,-0.607272727,-0.471594635,0,0,0,0,0,0,0,0,10765,1028,0.163183835,1,0.19279561,0.153377973,0.022448122,0.004927469,0.030492099,0.029153681,0.030671838,0.029393642,0.031955813,0.030560939,0.036099924,0.034406362,0.036742608,0.036068187,0.035101632,0.036121907,0.032498487,0.033512106,0.0659047,0.068784291,0.072107268,0.076446548,0.030542052,0.033313944,0.025820847,0.029203118,0.031523779,0.038689599,0.018115396,0.026598322,0.006327864,0.013843048,0.53,0.47
4/10/20,-0.65,-0.13,-0.53,-0.72,-0.66,0.32,-0.445454545,-0.610909091,-0.4104769,0,0,0,0,0,0,0,0,10794,996,0.163183835,1,0.19279561,0.153377973,0.022448122,0.004927469,0.030492099,0.029153681,0.030671838,0.029393642,0.031955813,0.030560939,0.036099924,0.034406362,0.036742608,0.036068187,0.035101632,0.036121907,0.032498487,0.033512106,0.0659047,0.068784291,0.072107268,0.076446548,0.030542052,0.033313944,0.025820847,0.029203118,0.031523779,0.038689599,0.018115396,0.026598322,0.006327864,0.013843048,0.53,0.47
4/11/20,-0.62,-0.04,-0.12,-0.65,-0.48,0.18,-0.421818182,-0.616363636,-0.424351714,0,0,0,0,0,0,0,0,10160,997,0.163183835,1,0.19279561,0.153377973,0.022448122,0.004927469,0.030492099,0.029153681,0.030671838,0.029393642,0.031955813,0.030560939,0.036099924,0.034406362,0.036742608,0.036068187,0.035101632,0.036121907,0.032498487,0.033512106,0.0659047,0.068784291,0.072107268,0.076446548,0.030542052,0.033313944,0.025820847,0.029203118,0.031523779,0.038689599,0.018115396,0.026598322,0.006327864,0.013843048,0.53,0.47
4/12/20,-0.75,-0.44,-0.1,-0.68,-0.51,0.15,-0.527272727,-0.674545455,-0.628181818,0,0,0,0,0,0,0,0,8435,957,0.163183835,1,0.19279561,0.153377973,0.022448122,0.004927469,0.030492099,0.029153681,0.030671838,0.029393642,0.031955813,0.030560939,0.036099924,0.034406362,0.036742608,0.036068187,0.035101632,0.036121907,0.032498487,0.033512106,0.0659047,0.068784291,0.072107268,0.076446548,0.030542052,0.033313944,0.025820847,0.029203118,0.031523779,0.038689599,0.018115396,0.026598322,0.006327864,0.013843048,0.53,0.47
4/13/20,-0.7,-0.39,-0.59,-0.76,-0.64,0.29,-0.516363636,-0.616363636,-0.514724292,0,0,0,0,0,0,0,0,6548,882,0.163183835,1,0.19279561,0.153377973,0.022448122,0.004927469,0.030492099,0.029153681,0.030671838,0.029393642,0.031955813,0.030560939,0.036099924,0.034406362,0.036742608,0.036068187,0.035101632,0.036121907,0.032498487,0.033512106,0.0659047,0.068784291,0.072107268,0.076446548,0.030542052,0.033313944,0.025820847,0.029203118,0.031523779,0.038689599,0.018115396,0.026598322,0.006327864,0.013843048,0.53,0.47
4/14/20,-0.6,-0.19,-0.15,-0.68,-0.61,0.26,-0.423636364,-0.578181818,-0.424724292,0,0,0,0,0,0,0,0,7402,1003,0.163183835,1,0.19279561,0.153377973,0.022448122,0.004927469,0.030492099,0.029153681,0.030671838,0.029393642,0.031955813,0.030560939,0.036099924,0.034406362,0.036742608,0.036068187,0.035101632,0.036121907,0.032498487,0.033512106,0.0659047,0.068784291,0.072107268,0.076446548,0.030542052,0.033313944,0.025820847,0.029203118,0.031523779,0.038689599,0.018115396,0.026598322,0.006327864,0.013843048,0.53,0.47
4/15/20,-0.59,-0.2,-0.25,-0.69,-0.61,0.27,-0.427272727,-0.612727273,-0.395514158,0,0,0,0,0,0,0,0,11755,936,0.163183835,1,0.19279561,0.153377973,0.022448122,0.004927469,0.030492099,0.029153681,0.030671838,0.029393642,0.031955813,0.030560939,0.036099924,0.034406362,0.036742608,0.036068187,0.035101632,0.036121907,0.032498487,0.033512106,0.0659047,0.068784291,0.072107268,0.076446548,0.030542052,0.033313944,0.025820847,0.029203118,0.031523779,0.038689599,0.018115396,0.026598322,0.006327864,0.013843048,0.53,0.47
4/16/20,-0.61,-0.2,-0.35,-0.7,-0.61,0.27,-0.443636364,-0.616363636,-0.397883756,0,0,0,0,0,0,0,0,8631,732,0.163183835,1,0.19279561,0.153377973,0.022448122,0.004927469,0.030492099,0.029153681,0.030671838,0.029393642,0.031955813,0.030560939,0.036099924,0.034406362,0.036742608,0.036068187,0.035101632,0.036121907,0.032498487,0.033512106,0.0659047,0.068784291,0.072107268,0.076446548,0.030542052,0.033313944,0.025820847,0.029203118,0.031523779,0.038689599,0.018115396,0.026598322,0.006327864,0.013843048,0.53,0.47
4/17/20,-0.62,-0.22,-0.43,-0.68,-0.6,0.29,-0.372727273,-0.605454545,-0.324515648,0,0,0,0,0,0,0,0,7532,804,0.163183835,1,0.19279561,0.153377973,0.022448122,0.004927469,0.030492099,0.029153681,0.030671838,0.029393642,0.031955813,0.030560939,0.036099924,0.034406362,0.036742608,0.036068187,0.035101632,0.036121907,0.032498487,0.033512106,0.0659047,0.068784291,0.072107268,0.076446548,0.030542052,0.033313944,0.025820847,0.029203118,0.031523779,0.038689599,0.018115396,0.026598322,0.006327864,0.013843048,0.53,0.47
4/18/20,-0.65,-0.25,-0.4,-0.67,-0.45,0.18,-0.436363636,-0.630909091,-0.384873323,0,0,0,0,0,0,0,0,7249,668,0.163183835,1,0.19279561,0.153377973,0.022448122,0.004927469,0.030492099,0.029153681,0.030671838,0.029393642,0.031955813,0.030560939,0.036099924,0.034406362,0.036742608,0.036068187,0.035101632,0.036121907,0.032498487,0.033512106,0.0659047,0.068784291,0.072107268,0.076446548,0.030542052,0.033313944,0.025820847,0.029203118,0.031523779,0.038689599,0.018115396,0.026598322,0.006327864,0.013843048,0.53,0.47
4/19/20,-0.62,-0.26,0.11,-0.64,-0.43,0.14,-0.474545455,-0.647272727,-0.480923994,0,0,0,0,0,0,0,0,6199,652,0.163183835,1,0.19279561,0.153377973,0.022448122,0.004927469,0.030492099,0.029153681,0.030671838,0.029393642,0.031955813,0.030560939,0.036099924,0.034406362,0.036742608,0.036068187,0.035101632,0.036121907,0.032498487,0.033512106,0.0659047,0.068784291,0.072107268,0.076446548,0.030542052,0.033313944,0.025820847,0.029203118,0.031523779,0.038689599,0.018115396,0.026598322,0.006327864,0.013843048,0.53,0.47
4/20/20,-0.59,-0.23,-0.19,-0.68,-0.59,0.25,-0.34,-0.556363636,-0.364724292,0,0,0,0,0,0,0,0,4867,619,0.163183835,1,0.19279561,0.153377973,0.022448122,0.004927469,0.030492099,0.029153681,0.030671838,0.029393642,0.031955813,0.030560939,0.036099924,0.034406362,0.036742608,0.036068187,0.035101632,0.036121907,0.032498487,0.033512106,0.0659047,0.068784291,0.072107268,0.076446548,0.030542052,0.033313944,0.025820847,0.029203118,0.031523779,0.038689599,0.018115396,0.026598322,0.006327864,0.013843048,0.53,0.47
4/21/20,-0.63,-0.27,-0.43,-0.71,-0.6,0.27,-0.454545455,-0.601818182,-0.415782414,0,0,0,0,0,0,0,0,4324,628,0.163183835,1,0.19279561,0.153377973,0.022448122,0.004927469,0.030492099,0.029153681,0.030671838,0.029393642,0.031955813,0.030560939,0.036099924,0.034406362,0.036742608,0.036068187,0.035101632,0.036121907,0.032498487,0.033512106,0.0659047,0.068784291,0.072107268,0.076446548,0.030542052,0.033313944,0.025820847,0.029203118,0.031523779,0.038689599,0.018115396,0.026598322,0.006327864,0.013843048,0.53,0.47
4/22/20,-0.6,-0.19,-0.28,-0.68,-0.59,0.26,-0.429090909,-0.616363636,-0.379359165,0,0,0,0,0,0,0,0,5659,607,0.163183835,1,0.19279561,0.153377973,0.022448122,0.004927469,0.030492099,0.029153681,0.030671838,0.029393642,0.031955813,0.030560939,0.036099924,0.034406362,0.036742608,0.036068187,0.035101632,0.036121907,0.032498487,0.033512106,0.0659047,0.068784291,0.072107268,0.076446548,0.030542052,0.033313944,0.025820847,0.029203118,0.031523779,0.038689599,0.018115396,0.026598322,0.006327864,0.013843048,0.53,0.47
4/23/20,-0.6,-0.2,-0.32,-0.69,-0.59,0.26,-0.405454545,-0.621818182,-0.354873323,0,0,0,0,0,0,0,0,6341,565,0.163183835,1,0.19279561,0.153377973,0.022448122,0.004927469,0.030492099,0.029153681,0.030671838,0.029393642,0.031955813,0.030560939,0.036099924,0.034406362,0.036742608,0.036068187,0.035101632,0.036121907,0.032498487,0.033512106,0.0659047,0.068784291,0.072107268,0.076446548,0.030542052,0.033313944,0.025820847,0.029203118,0.031523779,0.038689599,0.018115396,0.026598322,0.006327864,0.013843048,0.53,0.47
4/24/20,-0.63,-0.25,-0.5,-0.7,-0.59,0.29,-0.347272727,-0.594545455,-0.273338301,0,0,0,0,0,0,0,0,8286,547,0.163183835,1,0.19279561,0.153377973,0.022448122,0.004927469,0.030492099,0.029153681,0.030671838,0.029393642,0.031955813,0.030560939,0.036099924,0.034406362,0.036742608,0.036068187,0.035101632,0.036121907,0.032498487,0.033512106,0.0659047,0.068784291,0.072107268,0.076446548,0.030542052,0.033313944,0.025820847,0.029203118,0.031523779,0.038689599,0.018115396,0.026598322,0.006327864,0.013843048,0.53,0.47
4/25/20,-0.57,-0.15,0.45,-0.58,-0.41,0.14,-0.247272727,-0.590909091,-0.239165425,0,0,0,0,0,0,0,0,10683,567,0.163183835,1,0.19279561,0.153377973,0.022448122,0.004927469,0.030492099,0.029153681,0.030671838,0.029393642,0.031955813,0.030560939,0.036099924,0.034406362,0.036742608,0.036068187,0.035101632,0.036121907,0.032498487,0.033512106,0.0659047,0.068784291,0.072107268,0.076446548,0.030542052,0.033313944,0.025820847,0.029203118,0.031523779,0.038689599,0.018115396,0.026598322,0.006327864,0.013843048,0.53,0.47
4/26/20,-0.66,-0.33,-0.58,-0.7,-0.44,0.15,-0.538181818,-0.658181818,-0.510402385,0,0,0,0,0,0,0,0,6013,478,0.163183835,1,0.19279561,0.153377973,0.022448122,0.004927469,0.030492099,0.029153681,0.030671838,0.029393642,0.031955813,0.030560939,0.036099924,0.034406362,0.036742608,0.036068187,0.035101632,0.036121907,0.032498487,0.033512106,0.0659047,0.068784291,0.072107268,0.076446548,0.030542052,0.033313944,0.025820847,0.029203118,0.031523779,0.038689599,0.018115396,0.026598322,0.006327864,0.013843048,0.53,0.47
4/27/20,-0.59,-0.23,-0.37,-0.68,-0.58,0.25,-0.381818182,-0.572727273,-0.370625931,0,0,0,0,0,0,0,0,4077,463,0.163183835,1,0.19279561,0.153377973,0.022448122,0.004927469,0.030492099,0.029153681,0.030671838,0.029393642,0.031955813,0.030560939,0.036099924,0.034406362,0.036742608,0.036068187,0.035101632,0.036121907,0.032498487,0.033512106,0.0659047,0.068784291,0.072107268,0.076446548,0.030542052,0.033313944,0.025820847,0.029203118,0.031523779,0.038689599,0.018115396,0.026598322,0.006327864,0.013843048,0.53,0.47
4/28/20,-0.54,-0.15,0.22,-0.64,-0.57,0.18,-0.312727273,-0.58,-0.294008942,0,0,0,0,0,0,0,0,3285,510,0.163183835,1,0.19279561,0.153377973,0.022448122,0.004927469,0.030492099,0.029153681,0.030671838,0.029393642,0.031955813,0.030560939,0.036099924,0.034406362,0.036742608,0.036068187,0.035101632,0.036121907,0.032498487,0.033512106,0.0659047,0.068784291,0.072107268,0.076446548,0.030542052,0.033313944,0.025820847,0.029203118,0.031523779,0.038689599,0.018115396,0.026598322,0.006327864,0.013843048,0.53,0.47
4/29/20,-0.56,-0.19,-0.27,-0.67,-0.58,0.25,-0.323636364,-0.605454545,-0.306587183,0,0,0,0,0,0,0,0,4718,510,0.163183835,1,0.19279561,0.153377973,0.022448122,0.004927469,0.030492099,0.029153681,0.030671838,0.029393642,0.031955813,0.030560939,0.036099924,0.034406362,0.036742608,0.036068187,0.035101632,0.036121907,0.032498487,0.033512106,0.0659047,0.068784291,0.072107268,0.076446548,0.030542052,0.033313944,0.025820847,0.029203118,0.031523779,0.038689599,0.018115396,0.026598322,0.006327864,0.013843048,0.53,0.47
4/30/20,-0.58,-0.21,-0.45,-0.69,-0.58,0.26,-0.363636364,-0.563636364,-0.315186289,0,0,0,0,0,0,0,0,4702,329,0.163183835,1,0.19279561,0.153377973,0.022448122,0.004927469,0.030492099,0.029153681,0.030671838,0.029393642,0.031955813,0.030560939,0.036099924,0.034406362,0.036742608,0.036068187,0.035101632,0.036121907,0.032498487,0.033512106,0.0659047,0.068784291,0.072107268,0.076446548,0.030542052,0.033313944,0.025820847,0.029203118,0.031523779,0.038689599,0.018115396,0.026598322,0.006327864,0.013843048,0.53,0.47
5/1/20,-0.55,-0.15,-0.28,-0.64,-0.56,0.26,-0.272727273,-0.549090909,-0.182026826,0,0,0,0,0,0,0,0,3879,225,0.163183835,1,0.19279561,0.153377973,0.022448122,0.004927469,0.030492099,0.029153681,0.030671838,0.029393642,0.031955813,0.030560939,0.036099924,0.034406362,0.036742608,0.036068187,0.035101632,0.036121907,0.032498487,0.033512106,0.0659047,0.068784291,0.072107268,0.076446548,0.030542052,0.033313944,0.025820847,0.029203118,0.031523779,0.038689599,0.018115396,0.026598322,0.006327864,0.013843048,0.53,0.47
5/2/20,-0.51,-0.1,0.63,-0.54,-0.38,0.13,-0.22,-0.58,-0.176020864,1,1,1,0,1,0,1,0,4559,194,0.163183835,1,0.19279561,0.153377973,0.022448122,0.004927469,0.030492099,0.029153681,0.030671838,0.029393642,0.031955813,0.030560939,0.036099924,0.034406362,0.036742608,0.036068187,0.035101632,0.036121907,0.032498487,0.033512106,0.0659047,0.068784291,0.072107268,0.076446548,0.030542052,0.033313944,0.025820847,0.029203118,0.031523779,0.038689599,0.018115396,0.026598322,0.006327864,0.013843048,0.53,0.47
5/3/20,-0.5,-0.16,0.71,-0.57,-0.36,0.1,-0.232727273,-0.567272727,-0.287928465,1,1,1,0,1,0,1,0,3699,541,0.163183835,1,0.19279561,0.153377973,0.022448122,0.004927469,0.030492099,0.029153681,0.030671838,0.029393642,0.031955813,0.030560939,0.036099924,0.034406362,0.036742608,0.036068187,0.035101632,0.036121907,0.032498487,0.033512106,0.0659047,0.068784291,0.072107268,0.076446548,0.030542052,0.033313944,0.025820847,0.029203118,0.031523779,0.038689599,0.018115396,0.026598322,0.006327864,0.013843048,0.53,0.47
5/4/20,-0.51,-0.17,-0.11,-0.64,-0.55,0.23,-0.32,-0.538181818,-0.289836066,1,1,1,0,1,0,1,0,2524,212,0.163183835,1,0.19279561,0.153377973,0.022448122,0.004927469,0.030492099,0.029153681,0.030671838,0.029393642,0.031955813,0.030560939,0.036099924,0.034406362,0.036742608,0.036068187,0.035101632,0.036121907,0.032498487,0.033512106,0.0659047,0.068784291,0.072107268,0.076446548,0.030542052,0.033313944,0.025820847,0.029203118,0.031523779,0.038689599,0.018115396,0.026598322,0.006327864,0.013843048,0.53,0.47
5/5/20,-0.49,-0.09,0.04,-0.63,-0.55,0.22,-0.270909091,-0.543636364,-0.216259314,1,1,1,0,1,0,1,0,2302,240,0.163183835,1,0.19279561,0.153377973,0.022448122,0.004927469,0.030492099,0.029153681,0.030671838,0.029393642,0.031955813,0.030560939,0.036099924,0.034406362,0.036742608,0.036068187,0.035101632,0.036121907,0.032498487,0.033512106,0.0659047,0.068784291,0.072107268,0.076446548,0.030542052,0.033313944,0.025820847,0.029203118,0.031523779,0.038689599,0.018115396,0.026598322,0.006327864,0.013843048,0.53,0.47
5/6/20,-0.54,-0.16,-0.3,-0.65,-0.55,0.24,-0.276363636,-0.550909091,-0.232980626,1,1,1,0,1,0,1,0,2746,928,0.163183835,1,0.19279561,0.153377973,0.022448122,0.004927469,0.030492099,0.029153681,0.030671838,0.029393642,0.031955813,0.030560939,0.036099924,0.034406362,0.036742608,0.036068187,0.035101632,0.036121907,0.032498487,0.033512106,0.0659047,0.068784291,0.072107268,0.076446548,0.030542052,0.033313944,0.025820847,0.029203118,0.031523779,0.038689599,0.018115396,0.026598322,0.006327864,0.013843048,0.53,0.47
5/7/20,-0.5,-0.08,0.16,-0.62,-0.55,0.22,-0.256363636,-0.572727273,-0.208226528,1,1,1,0,1,0,1,0,3526,250,0.163183835,1,0.19279561,0.153377973,0.022448122,0.004927469,0.030492099,0.029153681,0.030671838,0.029393642,0.031955813,0.030560939,0.036099924,0.034406362,0.036742608,0.036068187,0.035101632,0.036121907,0.032498487,0.033512106,0.0659047,0.068784291,0.072107268,0.076446548,0.030542052,0.033313944,0.025820847,0.029203118,0.031523779,0.038689599,0.018115396,0.026598322,0.006327864,0.013843048,0.53,0.47
5/8/20,-0.55,-0.14,-0.4,-0.65,-0.54,0.25,-0.241818182,-0.550909091,-0.130417288,1,1,1,0,1,0,1,0,2873,152,0.163183835,1,0.19279561,0.153377973,0.022448122,0.004927469,0.030492099,0.029153681,0.030671838,0.029393642,0.031955813,0.030560939,0.036099924,0.034406362,0.036742608,0.036068187,0.035101632,0.036121907,0.032498487,0.033512106,0.0659047,0.068784291,0.072107268,0.076446548,0.030542052,0.033313944,0.025820847,0.029203118,0.031523779,0.038689599,0.018115396,0.026598322,0.006327864,0.013843048,0.53,0.47
5/9/20,-0.53,-0.06,-0.29,-0.59,-0.37,0.15,-0.314545455,-0.605454545,-0.194157973,1,1,1,0,1,0,1,0,2715,226,0.163183835,1,0.19279561,0.153377973,0.022448122,0.004927469,0.030492099,0.029153681,0.030671838,0.029393642,0.031955813,0.030560939,0.036099924,0.034406362,0.036742608,0.036068187,0.035101632,0.036121907,0.032498487,0.033512106,0.0659047,0.068784291,0.072107268,0.076446548,0.030542052,0.033313944,0.025820847,0.029203118,0.031523779,0.038689599,0.018115396,0.026598322,0.006327864,0.013843048,0.53,0.47
5/10/20,-0.5,-0.12,0.22,-0.56,-0.33,0.1,-0.396363636,-0.62,-0.349985097,1,1,1,0,1,0,1,0,2138,214,0.163183835,1,0.19279561,0.153377973,0.022448122,0.004927469,0.030492099,0.029153681,0.030671838,0.029393642,0.031955813,0.030560939,0.036099924,0.034406362,0.036742608,0.036068187,0.035101632,0.036121907,0.032498487,0.033512106,0.0659047,0.068784291,0.072107268,0.076446548,0.030542052,0.033313944,0.025820847,0.029203118,0.031523779,0.038689599,0.018115396,0.026598322,0.006327864,0.013843048,0.53,0.47
5/11/20,-0.55,-0.23,-0.31,-0.66,-0.54,0.23,0,0,0,1,1,1,0,1,1,1,0,1610,205,0.163183835,1,0.19279561,0.153377973,0.022448122,0.004927469,0.030492099,0.029153681,0.030671838,0.029393642,0.031955813,0.030560939,0.036099924,0.034406362,0.036742608,0.036068187,0.035101632,0.036121907,0.032498487,0.033512106,0.0659047,0.068784291,0.072107268,0.076446548,0.030542052,0.033313944,0.025820847,0.029203118,0.031523779,0.038689599,0.018115396,0.026598322,0.006327864,0.013843048,0.53,0.47
5/12/20,-0.5,-0.12,0,-0.62,-0.53,0.22,0,0,0,1,1,1,0,1,1,1,0,1438,279,0.163183835,1,0.19279561,0.153377973,0.022448122,0.004927469,0.030492099,0.029153681,0.030671838,0.029393642,0.031955813,0.030560939,0.036099924,0.034406362,0.036742608,0.036068187,0.035101632,0.036121907,0.032498487,0.033512106,0.0659047,0.068784291,0.072107268,0.076446548,0.030542052,0.033313944,0.025820847,0.029203118,0.031523779,0.038689599,0.018115396,0.026598322,0.006327864,0.013843048,0.53,0.47
5/13/20,-0.48,-0.1,0.18,-0.61,-0.53,0.22,-0.116363636,-0.556363636,-0.11271237,1,1,1,0,1,1,1,0,2123,166,0.163183835,1,0.19279561,0.153377973,0.022448122,0.004927469,0.030492099,0.029153681,0.030671838,0.029393642,0.031955813,0.030560939,0.036099924,0.034406362,0.036742608,0.036068187,0.035101632,0.036121907,0.032498487,0.033512106,0.0659047,0.068784291,0.072107268,0.076446548,0.030542052,0.033313944,0.025820847,0.029203118,0.031523779,0.038689599,0.018115396,0.026598322,0.006327864,0.013843048,0.53,0.47
5/14/20,-0.49,-0.11,0.15,-0.61,-0.53,0.22,-0.129090909,-0.547272727,-0.119254844,1,1,1,0,1,1,1,0,2364,169,0.163183835,1,0.19279561,0.153377973,0.022448122,0.004927469,0.030492099,0.029153681,0.030671838,0.029393642,0.031955813,0.030560939,0.036099924,0.034406362,0.036742608,0.036068187,0.035101632,0.036121907,0.032498487,0.033512106,0.0659047,0.068784291,0.072107268,0.076446548,0.030542052,0.033313944,0.025820847,0.029203118,0.031523779,0.038689599,0.018115396,0.026598322,0.006327864,0.013843048,0.53,0.47
5/15/20,-0.5,-0.12,0.12,-0.59,-0.52,0.23,-0.018181818,-0.534545455,0.00147541,1,1,1,0,1,1,1,0,2759,138,0.163183835,1,0.19279561,0.153377973,0.022448122,0.004927469,0.030492099,0.029153681,0.030671838,0.029393642,0.031955813,0.030560939,0.036099924,0.034406362,0.036742608,0.036068187,0.035101632,0.036121907,0.032498487,0.033512106,0.0659047,0.068784291,0.072107268,0.076446548,0.030542052,0.033313944,0.025820847,0.029203118,0.031523779,0.038689599,0.018115396,0.026598322,0.006327864,0.013843048,0.53,0.47
5/16/20,-0.47,-0.09,0.73,-0.52,-0.33,0.11,-0.034545455,-0.532727273,0.018509687,1,1,1,0,1,1,1,0,2185,198,0.163183835,1,0.19279561,0.153377973,0.022448122,0.004927469,0.030492099,0.029153681,0.030671838,0.029393642,0.031955813,0.030560939,0.036099924,0.034406362,0.036742608,0.036068187,0.035101632,0.036121907,0.032498487,0.033512106,0.0659047,0.068784291,0.072107268,0.076446548,0.030542052,0.033313944,0.025820847,0.029203118,0.031523779,0.038689599,0.018115396,0.026598322,0.006327864,0.013843048,0.53,0.47
5/17/20,-0.47,-0.15,0.54,-0.56,-0.31,0.1,-0.185454545,-0.570909091,-0.218837556,1,1,1,0,1,1,1,0,1901,215,0.163183835,1,0.19279561,0.153377973,0.022448122,0.004927469,0.030492099,0.029153681,0.030671838,0.029393642,0.031955813,0.030560939,0.036099924,0.034406362,0.036742608,0.036068187,0.035101632,0.036121907,0.032498487,0.033512106,0.0659047,0.068784291,0.072107268,0.076446548,0.030542052,0.033313944,0.025820847,0.029203118,0.031523779,0.038689599,0.018115396,0.026598322,0.006327864,0.013843048,0.53,0.47
5/18/20,-0.47,-0.14,-0.03,-0.61,-0.51,0.21,-0.158181818,-0.5,-0.12709389,1,1,1,0,1,1,1,0,1241,134,0.163183835,1,0.19279561,0.153377973,0.022448122,0.004927469,0.030492099,0.029153681,0.030671838,0.029393642,0.031955813,0.030560939,0.036099924,0.034406362,0.036742608,0.036068187,0.035101632,0.036121907,0.032498487,0.033512106,0.0659047,0.068784291,0.072107268,0.076446548,0.030542052,0.033313944,0.025820847,0.029203118,0.031523779,0.038689599,0.018115396,0.026598322,0.006327864,0.013843048,0.53,0.47
5/19/20,-0.44,-0.09,0.13,-0.6,-0.51,0.2,-0.030909091,-0.489090909,-0.030968703,1,1,1,0,1,1,1,0,1479,135,0.163183835,1,0.19279561,0.153377973,0.022448122,0.004927469,0.030492099,0.029153681,0.030671838,0.029393642,0.031955813,0.030560939,0.036099924,0.034406362,0.036742608,0.036068187,0.035101632,0.036121907,0.032498487,0.033512106,0.0659047,0.068784291,0.072107268,0.076446548,0.030542052,0.033313944,0.025820847,0.029203118,0.031523779,0.038689599,0.018115396,0.026598322,0.006327864,0.013843048,0.53,0.47
5/20/20,-0.43,-0.06,0.27,-0.59,-0.51,0.2,0.047272727,-0.478181818,0.023859911,1,1,1,0,1,1,1,0,1478,103,0.163183835,1,0.19279561,0.153377973,0.022448122,0.004927469,0.030492099,0.029153681,0.030671838,0.029393642,0.031955813,0.030560939,0.036099924,0.034406362,0.036742608,0.036068187,0.035101632,0.036121907,0.032498487,0.033512106,0.0659047,0.068784291,0.072107268,0.076446548,0.030542052,0.033313944,0.025820847,0.029203118,0.031523779,0.038689599,0.018115396,0.026598322,0.006327864,0.013843048,0.53,0.47
5/21/20,-0.42,-0.04,0.39,-0.58,-0.51,0.2,0.069090909,-0.492727273,0.081892697,1,1,1,0,1,1,1,0,2078,123,0.163183835,1,0.19279561,0.153377973,0.022448122,0.004927469,0.030492099,0.029153681,0.030671838,0.029393642,0.031955813,0.030560939,0.036099924,0.034406362,0.036742608,0.036068187,0.035101632,0.036121907,0.032498487,0.033512106,0.0659047,0.068784291,0.072107268,0.076446548,0.030542052,0.033313944,0.025820847,0.029203118,0.031523779,0.038689599,0.018115396,0.026598322,0.006327864,0.013843048,0.53,0.47
5/22/20,-0.45,-0.06,0.19,-0.57,-0.5,0.21,0.141818182,-0.48,0.183055142,1,1,1,0,1,1,1,0,1678,139,0.163183835,1,0.19279561,0.153377973,0.022448122,0.004927469,0.030492099,0.029153681,0.030671838,0.029393642,0.031955813,0.030560939,0.036099924,0.034406362,0.036742608,0.036068187,0.035101632,0.036121907,0.032498487,0.033512106,0.0659047,0.068784291,0.072107268,0.076446548,0.030542052,0.033313944,0.025820847,0.029203118,0.031523779,0.038689599,0.018115396,0.026598322,0.006327864,0.013843048,0.53,0.47
5/23/20,-0.5,-0.12,0,-0.58,-0.32,0.12,-0.018181818,-0.498181818,0.020700447,1,1,1,0,1,1,1,0,1754,98,0.163183835,1,0.19279561,0.153377973,0.022448122,0.004927469,0.030492099,0.029153681,0.030671838,0.029393642,0.031955813,0.030560939,0.036099924,0.034406362,0.036742608,0.036068187,0.035101632,0.036121907,0.032498487,0.033512106,0.0659047,0.068784291,0.072107268,0.076446548,0.030542052,0.033313944,0.025820847,0.029203118,0.031523779,0.038689599,0.018115396,0.026598322,0.006327864,0.013843048,0.53,0.47
5/24/20,-0.43,-0.07,0.93,-0.52,-0.29,0.07,-0.096363636,-0.538181818,-0.10266766,1,1,1,0,1,1,1,0,1601,146,0.163183835,1,0.19279561,0.153377973,0.022448122,0.004927469,0.030492099,0.029153681,0.030671838,0.029393642,0.031955813,0.030560939,0.036099924,0.034406362,0.036742608,0.036068187,0.035101632,0.036121907,0.032498487,0.033512106,0.0659047,0.068784291,0.072107268,0.076446548,0.030542052,0.033313944,0.025820847,0.029203118,0.031523779,0.038689599,0.018115396,0.026598322,0.006327864,0.013843048,0.53,0.47
5/25/20,-0.49,-0.15,0.7,-0.67,-0.73,0.23,-0.130909091,-0.512727273,-0.154202683,1,1,1,0,1,1,1,0,1279,92,0.163183835,1,0.19279561,0.153377973,0.022448122,0.004927469,0.030492099,0.029153681,0.030671838,0.029393642,0.031955813,0.030560939,0.036099924,0.034406362,0.036742608,0.036068187,0.035101632,0.036121907,0.032498487,0.033512106,0.0659047,0.068784291,0.072107268,0.076446548,0.030542052,0.033313944,0.025820847,0.029203118,0.031523779,0.038689599,0.018115396,0.026598322,0.006327864,0.013843048,0.53,0.47
5/26/20,-0.43,-0.08,0.39,-0.57,-0.49,0.18,0.030909091,-0.452727273,0.051132638,1,1,1,0,1,1,1,0,1044,103,0.163183835,1,0.19279561,0.153377973,0.022448122,0.004927469,0.030492099,0.029153681,0.030671838,0.029393642,0.031955813,0.030560939,0.036099924,0.034406362,0.036742608,0.036068187,0.035101632,0.036121907,0.032498487,0.033512106,0.0659047,0.068784291,0.072107268,0.076446548,0.030542052,0.033313944,0.025820847,0.029203118,0.031523779,0.038689599,0.018115396,0.026598322,0.006327864,0.013843048,0.53,0.47
5/27/20,-0.41,-0.05,0.4,-0.56,-0.48,0.19,0.065454545,-0.456363636,0.094590164,1,1,1,0,1,1,1,0,1132,98,0.163183835,1,0.19279561,0.153377973,0.022448122,0.004927469,0.030492099,0.029153681,0.030671838,0.029393642,0.031955813,0.030560939,0.036099924,0.034406362,0.036742608,0.036068187,0.035101632,0.036121907,0.032498487,0.033512106,0.0659047,0.068784291,0.072107268,0.076446548,0.030542052,0.033313944,0.025820847,0.029203118,0.031523779,0.038689599,0.018115396,0.026598322,0.006327864,0.013843048,0.53,0.47
5/28/20,-0.44,-0.07,0.07,-0.58,-0.49,0.2,-0.001818182,-0.489090909,0.060789866,1,1,1,0,1,1,1,0,1758,99,0.163183835,1,0.19279561,0.153377973,0.022448122,0.004927469,0.030492099,0.029153681,0.030671838,0.029393642,0.031955813,0.030560939,0.036099924,0.034406362,0.036742608,0.036068187,0.035101632,0.036121907,0.032498487,0.033512106,0.0659047,0.068784291,0.072107268,0.076446548,0.030542052,0.033313944,0.025820847,0.029203118,0.031523779,0.038689599,0.018115396,0.026598322,0.006327864,0.013843048,0.53,0.47
5/29/20,-0.47,-0.11,0.03,-0.57,-0.49,0.22,0.072727273,-0.467272727,0.138211624,1,1,1,0,1,1,1,0,1549,97,0.163183835,1,0.19279561,0.153377973,0.022448122,0.004927469,0.030492099,0.029153681,0.030671838,0.029393642,0.031955813,0.030560939,0.036099924,0.034406362,0.036742608,0.036068187,0.035101632,0.036121907,0.032498487,0.033512106,0.0659047,0.068784291,0.072107268,0.076446548,0.030542052,0.033313944,0.025820847,0.029203118,0.031523779,0.038689599,0.018115396,0.026598322,0.006327864,0.013843048,0.53,0.47
5/30/20,-0.44,-0.06,0.77,-0.47,-0.21,0.09,0.1,-0.490909091,0.107436662,1,1,1,0,1,1,1,0,1363,77,0.163183835,1,0.19279561,0.153377973,0.022448122,0.004927469,0.030492099,0.029153681,0.030671838,0.029393642,0.031955813,0.030560939,0.036099924,0.034406362,0.036742608,0.036068187,0.035101632,0.036121907,0.032498487,0.033512106,0.0659047,0.068784291,0.072107268,0.076446548,0.030542052,0.033313944,0.025820847,0.029203118,0.031523779,0.038689599,0.018115396,0.026598322,0.006327864,0.013843048,0.53,0.47
5/31/20,-0.43,-0.11,0.79,-0.49,-0.21,0.08,-0.172727273,-0.569090909,-0.13804769,1,1,1,0,1,1,1,0,1104,87,0.163183835,1,0.19279561,0.153377973,0.022448122,0.004927469,0.030492099,0.029153681,0.030671838,0.029393642,0.031955813,0.030560939,0.036099924,0.034406362,0.036742608,0.036068187,0.035101632,0.036121907,0.032498487,0.033512106,0.0659047,0.068784291,0.072107268,0.076446548,0.030542052,0.033313944,0.025820847,0.029203118,0.031523779,0.038689599,0.018115396,0.026598322,0.006327864,0.013843048,0.53,0.47
6/1/20,-0.4,-0.08,0.22,-0.56,-0.46,0.18,0.009090909,-0.48,0.041967213,1,1,1,0,1,1,1,0,945,67,0.163183835,1,0.19279561,0.153377973,0.022448122,0.004927469,0.030492099,0.029153681,0.030671838,0.029393642,0.031955813,0.030560939,0.036099924,0.034406362,0.036742608,0.036068187,0.035101632,0.036121907,0.032498487,0.033512106,0.0659047,0.068784291,0.072107268,0.076446548,0.030542052,0.033313944,0.025820847,0.029203118,0.031523779,0.038689599,0.018115396,0.026598322,0.006327864,0.013843048,0.53,0.47
6/2/20,-0.43,-0.08,0.14,-0.57,-0.47,0.19,-0.025454545,-0.503636364,0.013636364,1,1,1,0,1,1,1,0,1361,81,0.163183835,1,0.19279561,0.153377973,0.022448122,0.004927469,0.030492099,0.029153681,0.030671838,0.029393642,0.031955813,0.030560939,0.036099924,0.034406362,0.036742608,0.036068187,0.035101632,0.036121907,0.032498487,0.033512106,0.0659047,0.068784291,0.072107268,0.076446548,0.030542052,0.033313944,0.025820847,0.029203118,0.031523779,0.038689599,0.018115396,0.026598322,0.006327864,0.013843048,0.53,0.47
6/3/20,-0.43,-0.07,0.1,-0.58,-0.47,0.19,0.005454545,-0.46,0.054769001,1,1,1,0,1,1,1,0,1043,71,0.163183835,1,0.19279561,0.153377973,0.022448122,0.004927469,0.030492099,0.029153681,0.030671838,0.029393642,0.031955813,0.030560939,0.036099924,0.034406362,0.036742608,0.036068187,0.035101632,0.036121907,0.032498487,0.033512106,0.0659047,0.068784291,0.072107268,0.076446548,0.030542052,0.033313944,0.025820847,0.029203118,0.031523779,0.038689599,0.018115396,0.026598322,0.006327864,0.013843048,0.53,0.47
6/4/20,-0.4,-0.03,0.46,-0.55,-0.46,0.18,0.154545455,-0.449090909,0.166125186,1,1,1,0,1,1,1,0,1053,93,0.163183835,1,0.19279561,0.153377973,0.022448122,0.004927469,0.030492099,0.029153681,0.030671838,0.029393642,0.031955813,0.030560939,0.036099924,0.034406362,0.036742608,0.036068187,0.035101632,0.036121907,0.032498487,0.033512106,0.0659047,0.068784291,0.072107268,0.076446548,0.030542052,0.033313944,0.025820847,0.029203118,0.031523779,0.038689599,0.018115396,0.026598322,0.006327864,0.013843048,0.53,0.47
6/5/20,-0.44,-0.08,0.04,-0.57,-0.46,0.19,0.238181818,-0.418181818,0.272116244,1,1,1,0,1,1,1,0,1042,55,0.163183835,1,0.19279561,0.153377973,0.022448122,0.004927469,0.030492099,0.029153681,0.030671838,0.029393642,0.031955813,0.030560939,0.036099924,0.034406362,0.036742608,0.036068187,0.035101632,0.036121907,0.032498487,0.033512106,0.0659047,0.068784291,0.072107268,0.076446548,0.030542052,0.033313944,0.025820847,0.029203118,0.031523779,0.038689599,0.018115396,0.026598322,0.006327864,0.013843048,0.53,0.47
6/6/20,-0.42,-0.04,0.74,-0.47,-0.21,0.08,0.198181818,-0.449090909,0.200491803,1,1,1,0,1,1,1,0,1083,57,0.163183835,1,0.19279561,0.153377973,0.022448122,0.004927469,0.030492099,0.029153681,0.030671838,0.029393642,0.031955813,0.030560939,0.036099924,0.034406362,0.036742608,0.036068187,0.035101632,0.036121907,0.032498487,0.033512106,0.0659047,0.068784291,0.072107268,0.076446548,0.030542052,0.033313944,0.025820847,0.029203118,0.031523779,0.038689599,0.018115396,0.026598322,0.006327864,0.013843048,0.53,0.47
6/7/20,-0.37,-0.06,1.13,-0.45,-0.2,0.06,0.009090909,-0.503636364,-0.011609538,1,1,1,0,1,1,1,0,777,60,0.163183835,1,0.19279561,0.153377973,0.022448122,0.004927469,0.030492099,0.029153681,0.030671838,0.029393642,0.031955813,0.030560939,0.036099924,0.034406362,0.036742608,0.036068187,0.035101632,0.036121907,0.032498487,0.033512106,0.0659047,0.068784291,0.072107268,0.076446548,0.030542052,0.033313944,0.025820847,0.029203118,0.031523779,0.038689599,0.018115396,0.026598322,0.006327864,0.013843048,0.53,0.47
6/8/20,-0.36,-0.05,0.49,-0.54,-0.44,0.16,0.114545455,-0.396363636,0.146318927,1,1,1,0,1,1,1,0,712,56,0.163183835,1,0.19279561,0.153377973,0.022448122,0.004927469,0.030492099,0.029153681,0.030671838,0.029393642,0.031955813,0.030560939,0.036099924,0.034406362,0.036742608,0.036068187,0.035101632,0.036121907,0.032498487,0.033512106,0.0659047,0.068784291,0.072107268,0.076446548,0.030542052,0.033313944,0.025820847,0.029203118,0.031523779,0.038689599,0.018115396,0.026598322,0.006327864,0.013843048,0.53,0.47
6/9/20,-0.36,-0.02,0.6,-0.53,-0.44,0.16,0.150909091,-0.401818182,0.21876304,1,1,1,0,1,1,1,0,690,70,0.163183835,1,0.19279561,0.153377973,0.022448122,0.004927469,0.030492099,0.029153681,0.030671838,0.029393642,0.031955813,0.030560939,0.036099924,0.034406362,0.036742608,0.036068187,0.035101632,0.036121907,0.032498487,0.033512106,0.0659047,0.068784291,0.072107268,0.076446548,0.030542052,0.033313944,0.025820847,0.029203118,0.031523779,0.038689599,0.018115396,0.026598322,0.006327864,0.013843048,0.53,0.47
6/10/20,-0.35,-0.02,0.48,-0.52,-0.44,0.16,0.136363636,-0.403636364,0.202444113,1,1,1,0,1,1,1,0,664,67,0.163183835,1,0.19279561,0.153377973,0.022448122,0.004927469,0.030492099,0.029153681,0.030671838,0.029393642,0.031955813,0.030560939,0.036099924,0.034406362,0.036742608,0.036068187,0.035101632,0.036121907,0.032498487,0.033512106,0.0659047,0.068784291,0.072107268,0.076446548,0.030542052,0.033313944,0.025820847,0.029203118,0.031523779,0.038689599,0.018115396,0.026598322,0.006327864,0.013843048,0.53,0.47
6/11/20,-0.38,-0.05,0.12,-0.55,-0.45,0.17,0.172727273,-0.42,0.228166915,1,1,1,0,1,1,1,0,724,55,0.163183835,1,0.19279561,0.153377973,0.022448122,0.004927469,0.030492099,0.029153681,0.030671838,0.029393642,0.031955813,0.030560939,0.036099924,0.034406362,0.036742608,0.036068187,0.035101632,0.036121907,0.032498487,0.033512106,0.0659047,0.068784291,0.072107268,0.076446548,0.030542052,0.033313944,0.025820847,0.029203118,0.031523779,0.038689599,0.018115396,0.026598322,0.006327864,0.013843048,0.53,0.47
6/12/20,-0.37,-0.02,0.52,-0.5,-0.43,0.16,0.336363636,-0.407272727,0.410938897,1,1,1,0,1,1,1,0,821,80,0.163183835,1,0.19279561,0.153377973,0.022448122,0.004927469,0.030492099,0.029153681,0.030671838,0.029393642,0.031955813,0.030560939,0.036099924,0.034406362,0.036742608,0.036068187,0.035101632,0.036121907,0.032498487,0.033512106,0.0659047,0.068784291,0.072107268,0.076446548,0.030542052,0.033313944,0.025820847,0.029203118,0.031523779,0.038689599,0.018115396,0.026598322,0.006327864,0.013843048,0.53,0.47
6/13/20,-0.35,-0.01,1.02,-0.41,-0.17,0.06,0.203636364,-0.443636364,0.284739195,1,1,1,0,1,1,1,0,912,54,0.163183835,1,0.19279561,0.153377973,0.022448122,0.004927469,0.030492099,0.029153681,0.030671838,0.029393642,0.031955813,0.030560939,0.036099924,0.034406362,0.036742608,0.036068187,0.035101632,0.036121907,0.032498487,0.033512106,0.0659047,0.068784291,0.072107268,0.076446548,0.030542052,0.033313944,0.025820847,0.029203118,0.031523779,0.038689599,0.018115396,0.026598322,0.006327864,0.013843048,0.53,0.47
6/14/20,-0.34,-0.06,1.13,-0.43,-0.17,0.05,-0.036363636,-0.514545455,0.041102832,1,1,1,0,1,1,1,0,694,40,0.163183835,1,0.19279561,0.153377973,0.022448122,0.004927469,0.030492099,0.029153681,0.030671838,0.029393642,0.031955813,0.030560939,0.036099924,0.034406362,0.036742608,0.036068187,0.035101632,0.036121907,0.032498487,0.033512106,0.0659047,0.068784291,0.072107268,0.076446548,0.030542052,0.033313944,0.025820847,0.029203118,0.031523779,0.038689599,0.018115396,0.026598322,0.006327864,0.013843048,0.53,0.47
6/15/20,-0.32,-0.06,0.45,-0.52,-0.43,0.15,0.156363636,-0.392727273,0.224172876,1,1,1,0,1,1,1,0,623,40,0.163183835,1,0.19279561,0.153377973,0.022448122,0.004927469,0.030492099,0.029153681,0.030671838,0.029393642,0.031955813,0.030560939,0.036099924,0.034406362,0.036742608,0.036068187,0.035101632,0.036121907,0.032498487,0.033512106,0.0659047,0.068784291,0.072107268,0.076446548,0.030542052,0.033313944,0.025820847,0.029203118,0.031523779,0.038689599,0.018115396,0.026598322,0.006327864,0.013843048,0.53,0.47
6/16/20,-0.31,0,0.62,-0.5,-0.43,0.15,0.225454545,-0.372727273,0.283129657,1,1,1,0,1,1,1,0,630,38,0.163183835,1,0.19279561,0.153377973,0.022448122,0.004927469,0.030492099,0.029153681,0.030671838,0.029393642,0.031955813,0.030560939,0.036099924,0.034406362,0.036742608,0.036068187,0.035101632,0.036121907,0.032498487,0.033512106,0.0659047,0.068784291,0.072107268,0.076446548,0.030542052,0.033313944,0.025820847,0.029203118,0.031523779,0.038689599,0.018115396,0.026598322,0.006327864,0.013843048,0.53,0.47
6/17/20,-0.31,-0.01,0.57,-0.5,-0.43,0.15,0.223636364,-0.378181818,0.311624441,1,1,1,0,1,1,1,0,561,39,0.163183835,1,0.19279561,0.153377973,0.022448122,0.004927469,0.030492099,0.029153681,0.030671838,0.029393642,0.031955813,0.030560939,0.036099924,0.034406362,0.036742608,0.036068187,0.035101632,0.036121907,0.032498487,0.033512106,0.0659047,0.068784291,0.072107268,0.076446548,0.030542052,0.033313944,0.025820847,0.029203118,0.031523779,0.038689599,0.018115396,0.026598322,0.006327864,0.013843048,0.53,0.47
6/18/20,-0.31,0,0.52,-0.5,-0.43,0.15,0.26,-0.378181818,0.342548435,1,1,1,0,1,1,1,0,626,45,0.163183835,1,0.19279561,0.153377973,0.022448122,0.004927469,0.030492099,0.029153681,0.030671838,0.029393642,0.031955813,0.030560939,0.036099924,0.034406362,0.036742608,0.036068187,0.035101632,0.036121907,0.032498487,0.033512106,0.0659047,0.068784291,0.072107268,0.076446548,0.030542052,0.033313944,0.025820847,0.029203118,0.031523779,0.038689599,0.018115396,0.026598322,0.006327864,0.013843048,0.53,0.47
6/19/20,-0.33,0,0.61,-0.48,-0.44,0.13,0.389090909,-0.345454545,0.506289121,1,1,1,0,1,1,1,0,794,49,0.163183835,1,0.19279561,0.153377973,0.022448122,0.004927469,0.030492099,0.029153681,0.030671838,0.029393642,0.031955813,0.030560939,0.036099924,0.034406362,0.036742608,0.036068187,0.035101632,0.036121907,0.032498487,0.033512106,0.0659047,0.068784291,0.072107268,0.076446548,0.030542052,0.033313944,0.025820847,0.029203118,0.031523779,0.038689599,0.018115396,0.026598322,0.006327864,0.013843048,0.53,0.47
6/20/20,-0.33,0.05,1.04,-0.4,-0.16,0.05,0.265454545,-0.409090909,0.362682563,1,1,1,0,1,1,1,0,707,23,0.163183835,1,0.19279561,0.153377973,0.022448122,0.004927469,0.030492099,0.029153681,0.030671838,0.029393642,0.031955813,0.030560939,0.036099924,0.034406362,0.036742608,0.036068187,0.035101632,0.036121907,0.032498487,0.033512106,0.0659047,0.068784291,0.072107268,0.076446548,0.030542052,0.033313944,0.025820847,0.029203118,0.031523779,0.038689599,0.018115396,0.026598322,0.006327864,0.013843048,0.53,0.47
6/21/20,-0.34,-0.02,1.12,-0.41,-0.15,0.03,-0.081818182,-0.458181818,0.004992548,1,1,1,0,1,1,1,0,665,45,0.163183835,1,0.19279561,0.153377973,0.022448122,0.004927469,0.030492099,0.029153681,0.030671838,0.029393642,0.031955813,0.030560939,0.036099924,0.034406362,0.036742608,0.036068187,0.035101632,0.036121907,0.032498487,0.033512106,0.0659047,0.068784291,0.072107268,0.076446548,0.030542052,0.033313944,0.025820847,0.029203118,0.031523779,0.038689599,0.018115396,0.026598322,0.006327864,0.013843048,0.53,0.47
6/22/20,-0.31,-0.08,0.48,-0.5,-0.45,0.14,0.167272727,-0.358181818,0.282146051,1,1,1,0,1,1,1,0,555,50,0.163183835,1,0.19279561,0.153377973,0.022448122,0.004927469,0.030492099,0.029153681,0.030671838,0.029393642,0.031955813,0.030560939,0.036099924,0.034406362,0.036742608,0.036068187,0.035101632,0.036121907,0.032498487,0.033512106,0.0659047,0.068784291,0.072107268,0.076446548,0.030542052,0.033313944,0.025820847,0.029203118,0.031523779,0.038689599,0.018115396,0.026598322,0.006327864,0.013843048,0.53,0.47
6/23/20,-0.28,0,0.58,-0.47,-0.44,0.14,0.247272727,-0.361818182,0.34442623,1,1,1,0,1,1,1,0,598,36,0.163183835,1,0.19279561,0.153377973,0.022448122,0.004927469,0.030492099,0.029153681,0.030671838,0.029393642,0.031955813,0.030560939,0.036099924,0.034406362,0.036742608,0.036068187,0.035101632,0.036121907,0.032498487,0.033512106,0.0659047,0.068784291,0.072107268,0.076446548,0.030542052,0.033313944,0.025820847,0.029203118,0.031523779,0.038689599,0.018115396,0.026598322,0.006327864,0.013843048,0.53,0.47
6/24/20,0,0,0,0,0,0,0.305454545,-0.343636364,0.384128167,1,1,1,0,1,1,1,0,575,31,0.163183835,1,0.19279561,0.153377973,0.022448122,0.004927469,0.030492099,0.029153681,0.030671838,0.029393642,0.031955813,0.030560939,0.036099924,0.034406362,0.036742608,0.036068187,0.035101632,0.036121907,0.032498487,0.033512106,0.0659047,0.068784291,0.072107268,0.076446548,0.030542052,0.033313944,0.025820847,0.029203118,0.031523779,0.038689599,0.018115396,0.026598322,0.006327864,0.013843048,0.53,0.47
6/25/20,0,0,0,0,0,0,0.334545455,-0.329090909,0.419120715,1,1,1,0,1,1,1,0,738,28,0.163183835,1,0.19279561,0.153377973,0.022448122,0.004927469,0.030492099,0.029153681,0.030671838,0.029393642,0.031955813,0.030560939,0.036099924,0.034406362,0.036742608,0.036068187,0.035101632,0.036121907,0.032498487,0.033512106,0.0659047,0.068784291,0.072107268,0.076446548,0.030542052,0.033313944,0.025820847,0.029203118,0.031523779,0.038689599,0.018115396,0.026598322,0.006327864,0.013843048,0.53,0.47
6/26/20,0,0,0,0,0,0,0,0,0,804,46,,,,,,,,,0.163183835,1,0.19279561,0.153377973,0.022448122,0.004927469,0.030492099,0.029153681,0.030671838,0.029393642,0.031955813,0.030560939,0.036099924,0.034406362,0.036742608,0.036068187,0.035101632,0.036121907,0.032498487,0.033512106,0.0659047,0.068784291,0.072107268,0.076446548,0.030542052,0.033313944,0.025820847,0.029203118,0.031523779,0.038689599,0.018115396,0.026598322,0.006327864,0.013843048,0.53,0.47